b_id,gr_title,nyt_title,b_count,pub_yr,b_avg_rating,b_ratings_count,b_txt_rev_count,publisher,b_rating_5_count,b_rating_4_count,b_rating_3_count,b_rating_2_count,b_rating_1_count,b_wks_on_list,decade,a_id
17562900,"Night Broken (Mercy Thompson, #8)",Night Broken,23,2014,4.42,35300,2997,Ace,18731,13073,3107,304,85,1,2010s,40563
6587387,"Silver Borne (Mercy Thompson, #5)",Silver Borne,18,2010,4.38,74258,2451,Ace,38456,26809,8017,805,173,1,2010s,40563
25776210,"Fire Touched (Mercy Thompson, #9)",Fire Touched,24,2016,4.35,19008,2058,Ace,9449,7158,2120,224,58,1,2010s,40563
27209407,"Bay of Sighs (The Guardians Trilogy, #2)",Bay of Sighs,27,2016,4.16,8415,724,Berkley,3552,3038,1492,256,79,1,2010s,625
26236956,The Obsession,The Obsession,33,2016,4.16,28724,2529,Berkley,13214,9557,4085,1062,807,1,2010s,625
85459,Northern Lights,Northern Lights,75,2004,3.98,33306,924,Jove,11308,12160,8009,1523,306,2,2000s,625
26050,Angels Fall,Angels Fall,71,2006,3.97,35625,1088,G.P. Putnam's,11741,13256,8831,1523,274,2,2000s,625
12951824,"The Perfect Hope (Inn Boonsboro, #3)",The Perfect Hope,62,2012,4.13,29050,1958,Brilliance Audio,11662,10866,5454,887,182,1,2010s,625
114187,"Chesapeake Blue (Chesapeake Bay Saga, #4)",Chesapeake Blue,65,2002,4.17,24899,617,Unknown,10550,8845,4711,685,108,2,2000s,625
18668066,The Collector,The Collector,49,2014,3.91,21046,1811,Berkley,6700,7749,4983,1247,367,1,2010s,625
6013511,Black Hills,Black Hills,61,2009,4.08,27856,1272,G.P. Putnam's,10710,10112,5758,1044,232,1,2000s,625
16158519,Whiskey Beach,Whiskey Beach,67,2013,3.95,25166,2139,G.P. Putnam's,8163,9553,5790,1259,401,1,2010s,625
18527947,"Shadow Spell (The Cousins O'Dwyer Trilogy, #2)",Shadow Spell,49,2014,3.99,23445,1713,Unknown,8413,8133,5378,1242,279,1,2010s,625
114203,Birthright,Birthright,67,2003,3.98,19805,586,Jove,6661,7331,4802,849,162,1,2000s,625
28432251,"Island of Glass (The Guardians Trilogy, #3)",Island of Glass,17,2016,4.28,5327,479,Berkley,2628,1774,770,119,37,1,2010s,625
114132,Midnight Bayou,Midnight Bayou,75,2001,3.95,26112,732,Penguin,8857,9062,6576,1329,288,1,2000s,625
2003767,Tribute,Tribute,65,2008,3.91,19714,977,G.P. Putnam's,5899,7395,5297,954,169,2,2000s,625
23281906,The Liar,The Liar,50,2014,3.95,22206,2078,Berkley,7537,8200,4687,1309,473,1,2010s,625
682153,Three Fates,Three Fates,70,2002,4.03,17519,487,Jove,6533,6021,4072,727,166,1,2000s,625
16158558,"Dark Witch (The Cousins O'Dwyer Trilogy, #1)",Dark Witch,50,2013,3.9,40830,3469,Berkley,14295,13150,9431,2775,1179,1,2010s,625
18754961,"Blood Magick (The Cousins O'Dwyer Trilogy, #3)",Blood Magick,51,2014,4.04,20243,1553,Berkley,8026,6672,4219,1081,245,1,2010s,625
7076706,The Search,Search,60,2010,4.11,36873,2122,Unknown,14512,13812,6966,1246,338,1,2010s,625
78987,"The Prodigal Daughter (Kane & Abel, #2)",The Prodigal Daughter,62,1982,3.92,26029,563,St. Martin's Press,7332,10701,6653,1148,195,5,1980s,4820
25671861,"Cometh the Hour (The Clifton Chronicles, #6)",Cometh the hour,22,2016,4.11,12660,940,St. Martin's Press,4900,5030,2081,467,184,1,2010s,4820
79016,First Among Equals,First Among Equals,58,1983,3.86,11283,243,St. Martin's Press,2881,4648,3111,532,111,3,1980s,4820
338687,Something Of Value,Something of Value,12,1955,4.34,432,49,Doubleday,226,139,58,7,2,2,1950s,42572
17724749,"Private L.A. (Private, #6)",Private L.A.,37,2014,3.85,9751,695,Little Brown & Co,2543,3939,2637,491,141,1,2010s,3780
552887,"Double Cross (Alex Cross, #13)",Double Cross,68,2007,3.99,35490,1337,Unknown,11309,14371,8176,1377,257,4,2000s,3780
13132,"3rd Degree (Women's Murder Club, #3)",3rd Degree,73,2004,3.99,58027,1636,Grand Central Publishing,18188,23467,14299,1812,261,1,2000s,3780
8437913,"Tick Tock (Michael Bennett, #4)",Tick Tock,42,2010,4.02,19414,1153,Little Brown & Co,6429,7952,4207,683,143,3,2010s,3780
13131,"The 6th Target (Women's Murder Club, #6)",The 6th Target,70,2007,4.01,43666,1428,Unknown,14303,17601,9960,1552,250,2,2000s,3780
13147,"Honeymoon (Honeymoon, #1)",Honeymoon,72,2005,3.8,32629,1784,Grand Central Publishing,8757,11898,9283,2196,496,4,2000s,3780
11343348,Private Games (Private #3),Private Games,46,2012,3.82,16740,1175,Century,4665,6194,4442,1066,373,1,2010s,3780
11343348,Private Games (Private #3),The Games,46,2012,3.82,16740,1175,Century,4665,6194,4442,1066,373,1,2010s,3780
13145,"Along Came a Spider (Alex Cross, #1)",Cross,117,1993,4.07,301238,3354,Grand Central Publishing,114931,112507,59235,10497,4076,3,2000s,3780
13145,"Along Came a Spider (Alex Cross, #1)","I, Alex Cross",117,1993,4.07,301238,3354,Grand Central Publishing,114931,112507,59235,10497,4076,2,2000s,3780
16131072,"Second Honeymoon (Honeymoon, #2)",Second Honeymoon,33,2013,3.89,14010,1166,Little Brown & Co,3697,5921,3603,671,118,1,2010s,3780
13137,"1st to Die (Women's Murder Club, #1)",1st to Die,104,2001,4.05,228803,4809,Unknown,89173,79347,46544,9585,4155,2,2000s,3780
86424,Lifeguard,Lifeguard,60,2005,3.76,21057,765,Grand Central Publishing,5105,7680,6631,1358,283,4,2000s,3780
13157,The Jester,The Jester,52,2003,3.78,16287,883,Headline,5086,5237,4018,1255,691,1,2000s,3780
25787901,"NYPD Red 4 (NYPD Red, #4)",NYPD Red 4,25,2016,3.96,8850,606,Little Brown & Co,2689,3655,2064,339,103,1,2010s,3780
10343389,Kill Alex Cross,Kill Alex Cross,50,2011,4.0,23584,1455,Century,7934,9030,5456,957,207,1,2010s,3780
23346918,"14th Deadly Sin (Women’s Murder Club, #14)",14th Deadly Sin,39,2015,3.97,19364,1605,Century,6238,7641,4443,793,250,1,2010s,3780
80568,Sam's Letters to Jennifer,Sam's Letters to Jennifer,59,2001,4.15,76725,2181,Grand Central Publishing,34146,24648,13917,3050,966,1,2000s,3780
10808006,"Private #1 Suspect (Private, #2)",Private: #1 Suspect,42,2011,3.94,15470,925,Little Brown & Co,4632,6250,3788,642,158,1,2010s,3780
13151,"London Bridges (Alex Cross, #10)",London Bridges,74,2004,3.92,33497,807,Unknown,10084,12896,8538,1622,358,1,2000s,3780
13136,"2nd Chance (Women's Murder Club, #2)",2nd Chance,95,2002,4.01,72168,2014,Grand Central Publishing,23658,28535,17111,2497,368,2,2000s,3780
4110198,"The 8th Confession (Women's Murder Club, #8)",8th Confession,61,2009,4.02,33658,1372,Unknown,11098,13474,7803,1102,181,1,2000s,3780
25066591,"Cross Justice (Alex Cross, #23)",Cross Justice,32,2015,4.22,14448,1360,Little Brown & Co,6564,5309,1946,432,199,1,2010s,3780
25613617,15th Affair (Women's Murder Club #15),15th Affair,30,2016,4.03,13513,1223,Arrow,4655,5432,2735,555,137,1,2010s,3780
7134202,"Private (Private, #1)",Private,50,201,3.88,33681,1967,Little Brown & Co,10116,12491,8531,1892,651,1,2010s,3780
20800147,"Hope to Die (Alex Cross, #22)",Hope to Die,32,2014,4.14,16012,1434,Century,6501,6085,2722,513,191,1,2010s,3780
1713912,"Cross Country (Alex Cross, #14)",Cross Country,53,2008,3.83,28175,1657,Little Brown & Co,8455,9955,6995,2051,720,2,2000s,3780
13521299,"Alex Cross, Run (Alex Cross, #20)","Alex Cross, Run",43,2013,4.02,18122,1380,Little Brown & Co,5924,7482,4031,562,123,2,2010s,3780
6455256,"Worst Case (Michael Bennett, #3)",Worst Case,48,2010,3.99,18248,1150,Little Brown & Co,5649,7662,4189,614,134,2,2010s,3780
33668,"4th of July (Women's Murder Club, #4)",4th of July,79,2005,4.04,58375,1603,Vision,19485,23738,13210,1672,270,4,2000s,3780
24396884,"Alert (Michael Bennett, #8)",Alert,23,2015,3.93,10217,811,Little Brown & Co,3259,3914,2308,556,180,1,2010s,3780
28352410,"Bullseye (Michael Bennett, #9)",Bullseye,22,2016,3.84,5189,426,Audiobooks,1423,1981,1400,299,87,1,2010s,3780
84736,"Mary, Mary (Alex Cross, #11)","Mary, Mary",81,2005,3.92,38046,1091,Warner,11260,14888,9972,1629,297,5,2000s,3780
13133,The Quickie,The Quickie,57,2007,3.81,32119,2134,Unknown,9634,10955,8317,2379,834,2,2000s,3780
21445,"The 5th Horseman (Women's Murder Club, #5)",The 5th Horseman,68,2006,4.03,48419,1456,Unknown,16008,19784,10899,1474,254,3,2000s,3780
13130,Judge & Jury,Judge and Jury,53,2006,3.98,39449,842,Unknown,13223,14589,9608,1625,405,4,2000s,3780
2029176,Sail,Sail,48,2008,3.8,21701,1757,Little Brown & Co,5858,7971,5978,1427,467,1,2000s,3780
5551522,Swimsuit,Swimsuit,56,2009,3.63,19775,1643,Little Brown & Co,4567,6520,6147,1853,688,1,2000s,3780
28936152,"Cross the Line (Alex Cross, #24)",Cross the Line,24,2016,4.03,4137,385,Arrow,1316,1806,854,137,25,1,2010s,3780
7134201,The Postcard Killers,The Postcard Killers,63,2010,3.78,20374,1731,Little Brown & Co,5220,7637,5662,1512,343,1,2010s,3780
2029177,Sundays at Tiffany's,Sundays at Tiffany's,60,2008,3.74,56919,5658,Little Brown & Co,16943,17537,15091,5382,1966,1,2000s,3780
7856305,"Cross Fire (Alex Cross, #17)",Cross Fire,51,2010,4.04,22727,1144,Little Brown & Co,7621,9282,4982,694,148,2,2010s,3780
17333277,"Cross My Heart (Alex Cross, #21)",Cross My Heart,32,2013,4.02,14694,1614,Little Brown & Co,5320,5494,2945,690,245,1,2010s,3780
7510,The Beach House,The Beach House,59,2002,3.81,68699,1583,Grand Central Publishing,18867,24682,19755,4281,1114,2,2000s,3780
7926569,Now You See Her,Now You See Her,45,2011,3.97,25985,2141,Little Brown & Co,8319,10326,5930,1103,307,1,2010s,3780
45169,"Step on a Crack (Michael Bennett, #1)",Step on a Crack,71,2007,3.99,33014,1479,Unknown,10746,13089,7681,1152,346,2,2000s,3780
6266907,"Alex Cross's Trial (Alex Cross, #15)",Alex Cross's Trial,29,2009,3.91,18854,1383,Little Brown & Co,6149,6763,4405,1099,438,1,2000s,3780
25324116,"Private Paris (Private, #10)",Private Paris,24,2016,3.82,6685,473,Arrow,1825,2528,1799,377,156,1,2010s,3780
53625,"Four Blind Mice (Alex Cross, #8)",Four Blind Mice,68,2002,3.97,35723,699,Headline,10853,14622,8844,1186,218,1,2000s,3780
110444,"The Lake House (When the Wind Blows, #2)",The Lake House,51,2003,3.79,30937,1061,Grand Central Publishing,8865,10675,8246,2331,820,1,2000s,3780
7494,Suzanne's Diary for Nicholas,Suzanne's Diary for Nicholas,76,2001,4.15,121571,4159,Vision,56106,37473,20663,5271,2059,4,2000s,3780
13134,You've Been Warned,You've Been Warned,55,2007,3.52,17217,1540,Unknown,3997,5152,4973,2080,1015,2,2000s,3780
17333279,"Gone (Michael Bennett, #6)",Gone,35,2013,4.0,12888,912,Little Brown & Co,4342,5031,2802,566,147,1,2010s,3780
18656055,Invisible,Invisible,37,2014,4.05,17242,1844,Little Brown & Co,6091,7048,3214,643,246,2,2010s,3780
7156505,"The 9th Judgment  (Women's Murder Club, #9)",The 9th Judgment,53,2010,4.07,32744,1478,Unknown,11505,13323,6788,943,185,1,2010s,3780
15734464,"12th of Never (Women's Murder Club, #12)",12th of Never,37,2013,3.98,24959,1882,Cornerstone Digital,8068,9715,5869,1101,207,1,2010s,3780
85733,Beach Road,Beach Road,55,2006,3.8,27481,1345,Little Brown & Co,7579,9767,7727,1850,558,3,2000s,3780
18453095,"Unlucky 13 (Women’s Murder Club, #13)",Unlucky 13,39,2014,3.93,22527,1889,Little Brown & Co,7062,8516,5441,1229,278,2,2010s,3780
19494,The Spy Who Came In from the Cold,The Spy Who Came in from the Cold,204,1963,4.04,41921,2525,Scribner,14004,17938,8129,1556,295,34,1960s,1411964
46462,The Secret Pilgrim,The Secret Pilgrim,77,1990,3.88,3165,160,Coronet,767,1424,825,127,23,2,1990s,1411964
19003,The Little Drummer Girl,The Little Drummer Girl,84,1983,3.93,7114,295,Pocket,2129,2867,1723,309,86,12,1980s,1411964
18989,"Tinker, Tailor, Soldier, Spy",Tinker Tailor Soldier Spy,190,1974,4.03,46323,2827,Scribner,16845,18003,8371,2215,891,10,1970s,1411964
19001,A Perfect Spy,A Perfect Spy,92,1986,3.99,11664,419,Unknown,3827,4675,2519,478,165,5,1980s,1411964
270521,The Russia House,The Russia House,85,1989,3.9,17600,257,Scribner,4859,7216,4554,770,201,10,1980s,1411964
18999,Smiley's People,Smiley's People,39,1979,4.23,23826,558,Scribner,10608,9017,3531,516,155,4,1980s,1411964
3609537,Just Take My Heart,Just Take My Heart,64,2009,3.72,8673,996,Unknown,1974,3137,2843,612,107,1,2000s,99044
6629816,The Shadow of Your Smile,The Shadow of Your Smile,61,2010,3.66,7411,904,Unknown,1527,2623,2583,573,105,1,2010s,99044
43357,Pretend You Don't See Her,Pretend You Don't See Her,77,1990,3.85,13438,415,Pocket,3444,5245,4092,578,80,5,1990s,99044
1629007,Where Are You Now?,Where Are You Now?,3,2008,3.76,13887,1270,Unknown,3189,5332,4406,830,131,1,2000s,99044
571555,While My Pretty One Sleeps,While My Pretty One Sleeps,74,1989,3.88,19135,307,Unknown,5263,7308,5725,733,106,2,1980s,99044
170618,Daddy's Little Girl,Daddy's Little Girl,86,2001,3.85,15338,645,Unknown,4255,5595,4563,776,149,2,2000s,99044
35354,Remember Me,Remember Me,68,1994,3.9,18085,447,Pocket,5186,6839,5269,702,89,1,1990s,99044
170650,"Loves Music, Loves to Dance","Loves Music, Loves to Dance",73,1991,3.89,22077,646,Simon & Schuster,6283,8324,6344,982,144,6,1990s,99044
41487,No Place Like Home,No Place Like Home,68,2005,3.84,10510,605,Pocket,2765,4032,3119,493,101,1,2000s,99044
691775,Before I Say Goodbye,Before I Say Good-Bye,72,2000,3.76,8698,313,Simon & Schuster,2066,3133,2936,493,71,4,2000s,99044
170641,I Heard That Song Before,I Heard That Song Before,68,2007,3.81,13829,876,Simon & Schuster,3604,5088,4189,817,131,2,2000s,99044
237114,Moonlight Becomes You,Moonlight Becomes You,64,1996,3.8,13529,349,Pocket,3299,5056,4411,685,78,4,1990s,99044
154423,Two Little Girls in Blue,Two Little Girls in Blue,73,2006,3.84,21423,1149,Unknown,6233,7553,5999,1359,279,4,2000s,99044
43334,We'll Meet Again,We'll Meet Again,69,1999,3.82,8671,291,Pocket,2157,3280,2807,380,47,2,1990s,99044
43342,You Belong To Me,You Belong to Me,75,1999,3.85,19396,425,Unknown,5098,7271,6071,844,112,4,1990s,99044
41490,On the Street Where You Live,On the Street Where You Live,73,2001,3.85,16847,573,Pocket,4557,6283,5080,791,136,4,2000s,99044
350065,Scruples,Scruples,41,1978,3.8,12404,181,Littlehampton Book Services Ltd,3595,3995,3728,870,216,4,1970s,32155
842161,I'll Take Manhattan,I'll Take Manhattan,30,1986,3.72,2373,66,Bantam,630,716,798,191,38,2,1980s,32155
350039,Mistral's Daughter,Mistral's Daughter,39,1982,3.94,5401,101,Bantam,1756,1888,1458,251,48,1,1980s,32155
56893,Princess Daisy,Princess Daisy,32,1980,3.75,3395,118,Goldmann,917,1088,1085,249,56,5,1980s,32155
123598,"Black Notice (Kay Scarpetta, #10)",Black Notice,100,1999,3.84,28500,532,Berkley,7924,10580,7979,1675,342,3,1990s,1025097
6531,"Point of Origin (Kay Scarpetta, #9)",Point of Origin,90,1998,4.01,49535,500,Warner,16823,19022,11624,1666,400,3,1990s,1025097
6543,"At Risk (Winston Garano, #1)",At Risk,57,2006,3.4,9966,618,Berkley,1914,2628,3446,1470,508,1,2000s,1025097
6528,"Predator (Kay Scarpetta, #14)",Predator,73,2005,3.66,22970,844,Berkley,5483,7833,6816,2137,701,2,2000s,1025097
6537,"From Potter's Field (Kay Scarpetta, #6)",From Potter's Field,107,1995,4.01,42035,608,Unknown,13665,16930,9930,1310,201,3,1990s,1025097
232145,"Unnatural Exposure (Kay Scarpetta, #8)",Unnatural Exposure,90,1997,4.05,44991,491,Warner,15810,17506,10110,1311,255,4,1990s,1025097
7926242,"Port Mortuary (Kay Scarpetta, #18)",Port Mortuary,55,2010,3.54,16444,1463,Unknown,3796,4949,4910,1989,800,1,2010s,1025097
6526,"Book of the Dead (Kay Scarpetta, #15)",Book of the Dead,77,2007,3.63,22171,1309,Unknown,5280,7189,6702,2206,794,1,2000s,1025097
13708346,"The Bone Bed (Kay Scarpetta, #20)",The Bone Bed,43,2012,3.63,16117,1670,G.P. Putnam's,3728,5262,5066,1592,470,1,2010s,1025097
31623,"Blow Fly (Kay Scarpetta, #12)",Blow Fly,87,2003,3.74,30502,709,Berkley,8160,10379,8617,2574,772,1,2000s,1025097
392217,"Hornet's Nest (Andy Brazil, #1)",Hornet's Nest,64,1996,3.28,13198,334,Berkley,2128,3309,4744,2146,871,4,1990s,1025097
392263,"Southern Cross (Andy Brazil, #2)",Southern Cross,67,1998,3.24,8196,175,Little Brown & Co,1273,1914,3039,1418,552,3,1990s,1025097
6530,"Trace (Kay Scarpetta, #13)",Trace,73,2004,3.75,24358,706,Berkley,6190,8633,7301,1829,405,2,2000s,1025097
6541,"Cause of Death (Kay Scarpetta, #7)",Cause of Death,100,1996,3.93,36966,621,Berkley,10989,14563,9609,1532,274,5,1990s,1025097
320167,"The Last Precinct (Kay Scarpetta, #11)",The Last Precinct,87,2000,3.83,27840,418,Unknown,7702,10155,7819,1771,393,3,2000s,1025097
6534,"Postmortem (Kay Scarpetta, #1)",Scarpetta,126,1990,4.0,165283,2147,Pocket,56944,63304,35966,6409,2661,3,2000s,1025097
11057626,"Red Mist (Kay Scarpetta, #19)",Red Mist,47,2011,3.74,18479,1606,G.P. Putnam's,4809,6420,5301,1527,422,1,2010s,1025097
86663,"Ten Big Ones (Stephanie Plum, #10)",Ten Big Ones,43,2004,4.13,78365,1760,Unknown,29704,31057,15635,1749,223,1,2000s,2384
11732634,"Smokin' Seventeen (Stephanie Plum, #17)",Smokin' Seventeen,36,2011,3.94,62481,4775,Bantam,19962,22858,15920,3172,571,1,2010s,2384
40317,"Lean Mean Thirteen (Stephanie Plum, #13)",Lean Mean Thirteen,43,2007,4.08,75450,2158,Unknown,27292,29228,16551,2085,297,1,2000s,2384
6048530,"Finger Lickin' Fifteen (Stephanie Plum, #15)",Finger Lickin' Fifteen,36,2009,3.98,68619,3733,Unknown,23197,25173,16528,3155,568,1,2000s,2384
2292384,"Fearless Fourteen (Stephanie Plum, #14)",Fearless Fourteen,39,2008,4.01,72735,3085,Unknown,25017,27306,17209,2783,422,2,2000s,2384
7023554,"Sizzling Sixteen (Stephanie Plum, #16)",Sizzling Sixteen,35,2009,3.93,61679,3731,Random House,19751,22234,15846,3279,571,1,2010s,2384
11746513,"Explosive Eighteen (Stephanie Plum, #18)",Explosive Eighteen,32,2011,3.91,57744,4545,Bantam,17951,20828,15403,3078,488,1,2010s,2384
6424,"Seven Up (Stephanie Plum, #7)",Seven Up,65,2001,4.15,95665,1774,Unknown,37380,37652,18650,1756,229,1,2000s,2384
24950845,"Tricky Twenty-Two (Stephanie Plum, #22)",Tricky Twenty-Two,23,2015,3.91,29102,3343,Bantam,8386,11400,7837,1227,254,1,2010s,2384
40329,"Metro Girl (Alex Barnaby, #1)",Metro Girl,41,2004,3.6,27677,1075,Harper Collins,6226,8589,9124,3011,727,1,2000s,2384
14740588,"Notorious Nineteen (Stephanie Plum, #19)",Notorious Nineteen,32,2012,3.89,50225,4952,Headline,14111,19364,14035,2375,342,1,2010s,2384
1434105,"Plum Lucky (Stephanie Plum, #13.5)",Plum Lucky,24,2008,3.72,40553,1620,St. Martin's Press,10843,12479,12860,3726,645,2,2000s,2384
6419,"Plum Lovin' (Stephanie Plum, #12.5)",Plum Lovin',24,2007,3.7,44402,1390,St. Martin's Press,11759,13367,14256,4194,827,4,2000s,2384
11003,"Eleven on Top (Stephanie Plum, #11)",Eleven on Top,48,2005,4.15,86126,1691,Unknown,33971,33269,16693,1931,265,3,2000s,2384
6425,"Hard Eight (Stephanie Plum, #8)",Hard Eight,54,2002,4.16,94434,1810,Unknown,37797,36732,17803,1861,243,1,2000s,2384
3400816,"Plum Spooky (Stephanie Plum, #14.5)",Plum Spooky,27,2009,3.77,35549,2053,Random House,9972,11471,10587,2965,554,3,2000s,2384
3507,"Twelve Sharp (Stephanie Plum, #12)",Twelve Sharp,48,2006,4.13,76917,1911,St. Martin's Press,29526,30227,15187,1741,237,3,2000s,2384
6858,"Hot Six (Stephanie Plum, #6)",Hot Six,50,2000,4.18,100087,2018,St. Martin's Press,40346,39512,18283,1698,251,1,2000s,2384
40331,"To the Nines (Stephanie Plum, #9)",To the Nines,44,2003,4.16,90532,1742,St. Martin's Press,35788,35410,17340,1761,234,1,2000s,2384
28686830,"Turbo Twenty-Three (Stephanie Plum, #23)",Turbo Twenty-three,13,2016,3.76,13092,1728,Bantam,3293,4607,4119,911,167,1,2010s,2384
19004663,"Top Secret Twenty-One (Stephanie Plum, #21)",Top Secret Twenty-One,27,2014,3.78,37584,3976,Bantam,9660,13375,11623,2458,469,1,2010s,2384
17908462,"Takedown Twenty (Stephanie Plum, #20)",Takedown Twenty,26,2013,3.74,43440,4884,Bantam,10945,14799,13603,3433,661,1,2010s,2384
573201,The Icarus Agenda,The Icarus Agenda,55,1988,3.92,23593,125,Bantam,6782,9396,6354,867,194,8,1980s,5293
251823,The Parsifal Mosaic,The Parsifal Mosaic,49,1982,3.83,6486,148,Orion,1505,2716,1934,289,42,16,1980s,5293
31268,The Aquitaine Progression,The Aquitaine Progression,52,1984,3.89,13768,128,Orion,3722,5565,3800,567,114,13,1980s,5293
15769,"The Bourne Supremacy (Jason Bourne, #2)",The Bourne Supremacy,93,1986,4.09,136925,959,Orion,50830,54570,25681,4371,1475,8,1980s,5293
7869,"The Bourne Identity (Jason Bourne, #1)",The Bourne Identity,137,1980,3.97,324223,3745,Orion,118909,114316,63526,17360,10113,16,1980s,5293
31233,The Holcroft Covenant,The Holcroft Covenant,67,1978,3.88,8964,144,Orion,2305,3716,2559,334,50,1,1970s,5293
31259,"The Bourne Ultimatum (Jason Bourne, #3)",The Bourne Ultimatum,89,1990,4.04,48664,747,Orion,17281,18919,10020,1936,509,5,1990s,5293
31231,The Matarese Circle (Matarese #1),The Matarese Circle,64,1979,4.03,31986,250,Orion,10863,12643,7168,1077,235,14,1970s,5293
1215032,"The Wise Man's Fear (The Kingkiller Chronicle, #2)",The Wise Man's Fear,94,2011,4.57,257553,14273,DAW Books,175212,60798,16510,3670,1367,1,2010s,108424
6585201,"Changes (The Dresden Files, #12)",Changes,20,2010,4.54,67776,3139,Unknown,42497,19963,4663,496,160,1,2010s,10746
3475161,"Turn Coat (The Dresden Files, #11)",Turn Coat,25,2009,4.44,66590,2040,Roc,35948,24829,5374,346,94,1,2000s,10746
19486421,"Skin Game (The Dresden Files, #15)",Skin Game,20,2014,4.55,48231,3808,Roc,30366,14683,2825,274,84,1,2010s,10746
59836,The Gift,The Gift,53,1986,3.9,12579,447,Unknown,4247,4018,3311,792,211,4,1990s,14255
457457,Fine Things,Fine Things,40,1987,3.91,10530,199,Dell,3424,3470,2970,549,117,9,1980s,14255
59839,Special Delivery,Special Delivery,44,1997,3.72,4334,109,Dell,1211,1268,1399,360,96,2,1990s,14255
26510,Bittersweet,Bittersweet,52,1988,3.65,3485,131,Dell,855,1027,1222,302,79,1,1990s,14255
59846,Star,Star,9,1989,3.75,6963,142,Warner,1912,2179,2221,526,125,4,1980s,14255
25615133,Blue,Blue,21,2016,4.08,5067,499,Delacorte Press,2059,1796,884,229,100,1,2010s,14255
864777,Full Circle,Full Circle,37,1984,3.78,5775,96,Dell,1556,1904,1851,390,74,4,1980s,14255
266350,Five Days in Paris,Five Days in Paris,57,1995,3.54,6277,239,Random House,1455,1713,2113,763,233,2,1990s,14255
59851,Mixed Blessings,Mixed Blessings,44,1992,3.76,6958,126,Dell,1879,2225,2249,509,96,2,1990s,14255
419542,Silent Honor,Silent Honor,50,1996,3.95,4232,177,Dell,1516,1338,1065,273,40,4,1990s,14255
82809,Five Days in Paris / The Gift / Leap of Faith (Danielle Steel Boxed Set),Leap of Faith,1,2002,4.36,240,1,Unknown,137,67,25,7,4,2,2000s,14255
82817,Zoya,Zoya,56,1988,3.94,10799,333,Unknown,3783,3525,2749,592,150,7,1980s,14255
59879,Answered Prayers,Answered Prayers,47,2002,3.78,3309,154,Corgi,1007,1029,912,260,101,1,2000s,14255
82807,Fine Things / Jewels / Vanished (Danielle Steel Value Collection),Jewels,3,1999,4.32,213,1,Random House,113,66,27,4,3,4,1990s,14255
26511,The Long Road Home,The Long Road Home,55,1998,3.96,6955,286,Corgi,2534,2236,1680,400,106,2,1990s,14255
528659,The House on Hope Street,The House,52,2000,3.85,6750,175,Random House,2154,2144,1847,467,138,1,2000s,14255
528659,The House on Hope Street,The House on Hope Street,52,2000,3.85,6750,175,Random House,2154,2144,1847,467,138,5,2000s,14255
82795,Johnny Angel,Johnny Angel,39,2003,3.83,4685,278,Corgi,1672,1276,1159,422,156,1,2000s,14255
419562,Heartbeat,Heartbeat,56,1991,3.75,5971,158,Dell,1640,1869,1915,438,109,8,1990s,14255
278102,Kaleidoscope,Kaleidoscope,40,1987,3.86,11390,265,Unknown,3564,3660,3337,701,128,5,1980s,14255
1588041,The Klone and I,The Klone and I,32,1998,3.0,3663,212,Dell,657,615,1044,762,585,1,1990s,14255
59897,Wanderlust,Wanderlust,36,1986,3.81,4842,144,Little Brown & Co,1400,1566,1486,315,75,4,1980s,14255
59882,Accident,Accident,51,1994,3.93,10677,286,Dell,3690,3440,2772,612,163,5,1990s,14255
82798,Daddy,Daddy,52,1979,3.77,7344,172,Unknown,2093,2326,2221,572,132,7,1980s,14255
59881,Family Album,Family Album,46,1985,3.84,6699,124,Warner,1993,2236,1978,417,75,4,1980s,14255
891081,The Kiss,The Kiss,49,2001,3.71,4495,167,Dell,1273,1338,1329,418,137,1,2000s,14255
59849,The Ghost,The Ghost,58,1997,3.82,6148,294,Dell,1907,1936,1723,466,116,1,1990s,14255
59842,The Wedding,The Wedding,63,2000,3.71,5870,166,Corgi,1611,1750,1850,515,144,2,2000s,14255
131155,Once Is Not Enough (Jacqueline Susann),Once Is Not Enough,27,1973,3.7,6469,139,Unknown,1735,1935,2086,569,144,8,1970s,22485
581811,Valley of the Dolls,Valley of the Dolls,77,1966,3.69,34539,2498,Unknown,8680,11598,10083,3276,902,28,1960s,22485
826542,The Love Machine,The Love Machine,27,1969,3.71,2157,103,Unknown,567,679,673,193,45,13,1960s,22485
672948,Arch of Triumph: A Novel of a Man Without a Country,Arch of Triumph,106,1945,4.39,12380,276,Random House,6979,3696,1375,261,69,8,1940s,4116
187181,The Chosen,The Chosen,78,1967,4.03,70714,3355,Unknown,26081,26501,13483,3398,1252,3,1960s,7385
11570,Dreamcatcher,Dreamcatcher,116,2001,3.58,116507,1753,Albin Michel,28069,34534,35362,13487,5057,3,2000s,3389
6320534,Under the Dome,Under the Dome,45,2009,3.89,191002,12771,Scribner,60631,70727,42655,12364,4628,1,2000s,3389
59219,"The Talisman (The Talisman, #1)",The Talisman,2,1984,4.12,83354,2207,Unknown,36507,26528,15207,3989,1126,12,1980s,3389
32692,Gerald's Game,Gerald's Game,110,1992,3.47,102764,2290,Smithmark Publishers,23021,27874,31828,14102,5939,9,1990s,3389
13440,Skeleton Crew,Skeleton Crew,92,1985,3.92,84232,1129,Warner,25542,31524,22773,3741,652,10,1980s,3389
33124137,Pet Sematary,Pet Sematary,184,1983,3.9,279899,4971,Scribner,89849,97742,71053,16851,4406,13,1980s,3389
233667,Firestarter,Firestarter,150,1980,3.84,141555,1727,Signet,40707,49293,41225,8820,1511,3,1980s,3389
10589,Bag of Bones,Bag of Bones,127,1998,3.86,131456,2907,Unknown,41296,44510,34342,9020,2289,4,1990s,3389
11597,The Dark Half,The Dark Half,123,1989,3.74,97519,1246,New English,24911,33093,30358,7587,1570,6,1980s,3389
11573,The Dead Zone,The Dead Zone,139,1979,3.89,134410,2011,Signet,39790,50200,36100,6979,1343,2,1970s,3389
10614,Misery,Misery,192,1987,4.1,331751,5855,New English,130949,121982,62455,12310,4065,7,1980s,3389
43615,"The Gunslinger (The Dark Tower, #1)",The Dark Tower,194,1982,4.0,328709,10667,Unknown,134251,100291,63702,21355,9116,3,2000s,3389
7278752,Dolores Claiborne,Dolores Claiborne,139,1992,3.8,94462,1568,Signet,27004,31930,26540,7406,1583,7,1990s,3389
10644930,11/22/63,11/22/63,139,2011,4.28,282189,29325,Scribner,136474,102375,33384,7201,2759,2,2010s,3389
18775247,"Mr. Mercedes (Bill Hodges Trilogy, #1)",Mr. Mercedes,100,2014,3.91,131115,11370,Scribner,38813,53740,28950,6645,2967,1,2010s,3389
39662,Different Seasons,Different Seasons,124,1982,4.33,131569,2926,Warner,66131,46054,16853,2135,399,3,1980s,3389
17660,The Tommyknockers,The Tommyknockers,104,1987,3.46,90876,1740,Signet,17833,26718,30287,11947,4093,8,1980s,3389
20926278,Revival,Revival,69,2014,3.75,63782,8135,Unknown,14580,25782,17856,4210,1355,1,2010s,3389
10567,Cell,Cell,121,2006,3.64,145371,4631,Pocket,36851,45092,42501,15612,5319,3,2000s,3389
10603,Cujo,Cujo,140,1981,3.63,158083,2581,Plaza y Janés,36866,49550,52160,15570,3938,5,1980s,3389
16130549,"Doctor Sleep (The Shining, #2)",Doctor Sleep,112,2013,4.1,108727,13183,Scribner,40218,45176,18557,3738,1040,1,2010s,3389
22076,From a Buick 8,From a Buick 8,103,2002,3.42,48592,1211,Unknown,8833,13627,17347,6644,2141,1,2000s,3389
25526965,"End of Watch (Bill Hodges Trilogy, #3)",End of Watch,41,2016,4.11,32970,4038,Scribner,12105,13882,5788,981,219,1,2010s,3389
10607,"Black House (The Talisman, #2)",Black House,101,2001,3.98,42964,1139,Ballantine Books,15274,15347,9325,2317,701,2,2000s,3389
133266,Four Past Midnight ,Four Past Midnight,117,1990,3.9,80041,980,New English,22971,30972,21835,3602,661,5,1990s,3389
11588,The Shining,It,278,1977,4.16,786414,14027,Hodder & Stoughton,357194,263991,119267,28024,17954,14,1980s,3389
10584,Desperation,Desperation,123,1996,3.8,97408,1656,Unknown,29034,31906,26373,7847,2248,2,1990s,3389
10585,Insomnia,Insomnia,122,1994,3.79,104349,2156,Unknown,31381,33986,27208,8738,3037,3,1990s,3389
10566,Lisey's Story,Lisey's Story,97,2006,3.64,52580,2739,Unknown,13779,16467,14409,5484,2441,1,2000s,3389
149267,The Stand,The Stand,187,1978,4.34,446235,13014,Unknown,245841,127789,54236,13017,5359,4,1990s,3389
5093,"Song of Susannah (The Dark Tower, #6)",Song of Susannah,110,2004,3.98,88580,2190,Pocket,31408,31473,19763,4733,1203,1,2000s,3389
472343,Duma Key,Duma Key,100,2008,3.92,75744,4276,Unknown,23907,28716,17451,4472,1199,1,2000s,3389
10611,The Eyes of the Dragon,The Eyes of the Dragon,135,1987,3.92,78646,2834,Warner,26047,27673,18905,4805,1216,1,1980s,3389
10579,Everything's Eventual: 14 Dark Tales,Everything's Eventual,89,2002,3.93,63394,1595,Pocket,18693,25049,16469,2736,447,2,2000s,3389
11564,The Girl Who Loved Tom Gordon,The Girl Who Loved Tom Gordon,112,1999,3.56,99318,3037,Pocket,22422,29405,32044,11883,3564,1,1990s,3389
23492589,"Finders Keepers (Bill Hodges Trilogy, #2)",Finders Keepers,64,2015,4.03,54961,6134,Scribner,16726,25488,10868,1540,340,1,2010s,3389
15985392,"Threat Vector (Jack Ryan Universe, #15)",Threat Vector,45,2012,4.1,10227,748,Unknown,3656,4411,1776,298,86,1,2010s,3892
34993,"The Sum of All Fears (Jack Ryan Universe, #7)",The Sum of All Fears,66,1991,3.99,45203,523,Berkley,14143,18443,10716,1606,295,7,1990s,3892
32669,"Clear and Present Danger (Jack Ryan Universe, #6)",Clear and Present Danger,86,1989,4.07,104293,543,Berkley,36829,42645,20887,3001,933,9,1980s,3892
19687,"The Bear and the Dragon (Jack Ryan Universe, #11)",The Bear and the Dragon,58,2000,3.78,19275,377,Unknown,4967,7259,5284,1369,397,6,2000s,3892
19674,"The Teeth of the Tiger (Jack Ryan Universe, #12)",The Teeth of the Tiger,63,2003,3.61,16903,485,Penguin,3850,5560,5132,1743,618,2,2000s,3892
5720,"Rainbow Six (Jack Ryan Universe, #10)",Rainbow Six,59,1998,4.06,36833,817,Berkley,13951,13548,7302,1609,423,7,1990s,3892
19668,"Without Remorse (Jack Ryan Universe, #1)",Without Remorse,70,1993,4.16,47896,882,Unknown,20565,16948,8261,1559,565,2,1990s,3892
19670,"Debt of Honor (Jack Ryan Universe, #8)",Debt of Honor,56,1994,4.02,35328,412,Berkley,11907,14157,7753,1237,275,6,1990s,3892
19675,"Executive Orders (Jack Ryan Universe, #9)",Executive Orders,62,1996,4.04,37292,488,Harper Collins,13288,14405,7788,1428,383,5,1990s,3892
32682,"Patriot Games (Jack Ryan Universe, #2)",Patriot Games,84,1987,4.1,135555,884,Berkley,50084,54569,26065,3659,1180,5,1980s,3892
318525,Red Storm Rising,Red Storm Rising,63,1986,4.13,56736,792,Random House,23362,20324,10563,2001,487,6,1980s,3892
19707,"Red Rabbit (Jack Ryan Universe, #3)",Red Rabbit,63,2002,3.64,20200,467,Unknown,4409,6985,6379,1895,532,3,2000s,3892
7997069,"Dead or Alive (Jack Ryan Universe, #13)",Dead or Alive,62,2010,3.78,12134,955,G.P. Putnam's,3067,4655,3318,849,246,3,2010s,3892
382549,"The Cardinal of the Kremlin (Jack Ryan Universe, #5)",The Cardinal of the Kremlin,71,1988,4.0,38079,481,Unknown,12250,15348,8987,1314,181,12,1980s,3892
122205,How Stella Got Her Groove Back,How Stella Got Her Groove Back,25,1996,3.7,7356,279,Unknown,1822,2437,2329,613,155,2,1990s,20704
122209,A Day Late and a Dollar Short,A Day Late and a Dollar Short,29,2000,4.02,6373,219,NAL,2442,2105,1432,306,88,3,2000s,20704
12657,The Source,The Source,55,1965,4.29,31955,1035,Random House,16353,10072,4374,869,287,40,1960s,7995
133430,Centennial,Centennial,39,1974,4.21,31209,615,Fawcett,13850,11100,5296,754,209,28,1970s,7995
12661,Chesapeake,Chesapeake,40,1978,4.12,15252,607,Unknown,5893,6000,2812,453,94,13,1970s,7995
644949,Space,Space,31,1982,3.94,4513,202,Fawcett,1384,1831,1012,233,53,22,1980s,7995
12663,The Covenant,The Covenant,25,1980,4.16,15618,317,Unknown,6489,5817,2803,413,97,25,1980s,7995
12659,Texas,Texas,38,1985,4.06,13508,299,Dial,4993,5022,2894,471,128,6,1980s,7995
769896,Poland,Poland,28,1983,3.97,7034,384,Fawcett,2272,2750,1593,333,86,12,1980s,7995
12658,Hawaii,Hawaii,45,1959,4.18,59863,1224,Dial,26077,21215,10254,1769,548,49,1960s,7995
42953,Alaska,Alaska,30,1988,4.07,8215,459,Dial,2913,3373,1603,260,66,5,1980s,7995
5347,Bleachers,Bleachers,64,2003,3.46,29843,1509,Arrow,5468,8897,10405,3914,1161,2,2000s,721
24192,The Runaway Jury,The Runaway Jury,111,1996,3.95,219429,1629,Delta,66671,87263,55157,8786,1554,7,1990s,721
1110,The Broker,The Broker,99,2005,3.76,67272,2152,Delta,16202,24969,20885,4352,865,5,2000s,721
5360,A Painted House,A Painted House,91,2001,3.66,61735,3234,Bantam,14982,20841,17687,6216,2009,4,2000s,721
20707959,Gray Mountain,Gray Mountain,67,2014,3.5,53324,6567,Doubleday,9681,17797,17498,6395,1954,3,2010s,721
1205297,Playing for Pizza,Playing for Pizza,64,2007,3.41,35462,3542,Doubleday,5804,10487,12844,4923,1404,3,2000s,721
11600163,The Litigators,The Litigators,80,2011,3.75,49076,5272,Hodder & Stoughton,10135,20806,14680,2883,573,1,2010s,721
5350,The Partner,The Partner,114,1997,3.89,88496,1792,Delta,24625,34613,24527,4019,713,8,1990s,721
5359,The Client,The Client,131,1993,3.96,312670,1818,Delta,97018,123964,76951,12299,2440,4,1990s,721
3613997,The Associate,The Associate,80,2009,3.64,50249,3435,Unknown,10213,17958,16817,4294,968,4,2000s,721
25387351,Rogue Lawyer,Rogue Lawyer,16,2015,3.69,40362,4198,Doubleday,9016,15348,11722,3185,1092,6,2010s,721
6398972,Ford County,Ford County,55,2008,3.55,15543,1710,Doubleday,2996,5274,5148,1592,533,1,2000s,721
5351,The Street Lawyer,The Street Lawyer,114,1998,3.8,83478,1823,Bantam,21608,30987,24793,5079,1012,9,1990s,721
29354916,The Whistler,The Whistler,26,2016,3.9,21721,1911,Unknown,6660,8405,5002,1189,474,2,2010s,721
32499,The Pelican Brief,The Pelican Brief,137,1992,3.94,283468,1898,Delta,86046,111597,71424,12121,2282,12,1990s,721
7933437,The Confession,The Confession,73,2010,3.8,47693,5201,Doubleday,11284,19771,13148,2833,660,1,2010s,721
5355,The Chamber,The Chamber,112,1994,3.76,103483,1282,Delta,25765,37051,31975,7013,1682,8,1990s,721
17288661,Sycamore Row,Sycamore Row,88,2013,3.97,77883,8464,Doubleday,22961,34153,17080,3033,659,7,2010s,721
5346,The Last Juror,The Last Juror,4,2004,3.85,64861,1664,Delta,16668,26058,18524,3027,585,3,2000s,721
5352,The Summons,The Summons,93,2002,3.68,54852,1497,Delta,11491,19798,18718,4061,784,4,2000s,721
5349,The Rainmaker,The Rainmaker,111,1995,3.9,137874,1460,Delta,39347,53929,37460,6184,956,9,1990s,721
5348,The Testament,The Testament,1,1999,3.82,83277,2149,Unknown,22233,30775,24297,4988,985,9,1990s,721
5356,The King of Torts,The King of Torts,101,2003,3.66,63438,1648,Delta,13965,22127,20651,5479,1217,5,2000s,721
13573236,The Racketeer,The Racketeer,85,2012,3.78,62608,6638,Doubleday,14319,25829,17525,4052,883,2,2010s,721
5357,Skipping Christmas,Skipping Christmas,88,2001,3.46,44420,3447,Arrow,8470,12899,15399,5897,1756,6,2000s,721
5354,The Brethren,The Brethren,105,2000,3.71,71254,1441,Delta,16271,25389,23346,5106,1143,9,2000s,721
1248179,The Appeal,The Appeal,95,2008,3.57,40538,3592,Unknown,7529,14202,13857,3869,1081,5,2000s,721
228333,"The Nanny Diaries (Nanny, #1)",The Nanny Diaries,84,2002,3.39,321068,5066,St. Martin's Press,54320,93506,113933,42519,16791,1,2000s,9222
3492020,"Promises in Death (In Death, #28)",Promises in Death,45,2009,4.4,24981,681,G.P. Putnam's,13549,8246,2791,303,93,1,2000s,17065
15806231,"Calculated in Death (In Death, #36)",Calculated in Death,33,2013,4.22,15368,1158,G.P. Putnam's,6876,5635,2397,361,100,1,2010s,17065
8315872,"Treachery in Death (In Death, #32)",Treachery in Death,34,2011,4.42,18968,1048,G.P. Putnam's,10520,6250,1956,197,47,1,2010s,17065
25337081,"Brotherhood in Death (In Death, #42)",Brotherhood In Death,23,2016,4.34,13055,1340,Berkley,6891,4273,1487,279,126,1,2010s,17065
6542645,"Fantasy in Death (In Death, #30)",Fantasy in Death,37,2010,4.24,15469,854,Unknown,7057,5563,2428,337,84,1,2010s,17065
74033,"Innocent in Death (In Death, #24)",Innocent in Death,46,2007,4.36,20321,742,Unknown,10375,7113,2563,221,50,1,2000s,17065
18079757,"Concealed in Death (In Death, #38)",Concealed in Death,36,2014,4.24,13790,1139,Berkley,6129,5261,2061,275,67,1,2010s,17065
28186363,"Apprentice in Death (In Death, #43)",Apprentice in Death,21,2016,4.42,8550,953,Berkley,4809,2760,798,128,57,1,2010s,17065
13007638,"Celebrity in Death (In Death, #34)",Celebrity in Death,33,2012,4.27,16454,1074,Piatkus,7659,6050,2382,286,77,1,2010s,17065
20821249,"Festive in Death (In Death, #39)",Festive in Death,29,2014,4.25,12981,1121,Berkley,5920,4798,1901,276,86,1,2010s,17065
46020,"Devices and Desires (Adam Dalgliesh, #8)",Devices and Desires,65,1989,3.99,8131,332,Warner,2472,3467,1860,274,58,3,1990s,344522
1340445,Kingsblood Royal,Kingsblood Royal,16,1947,3.94,517,70,Random House,162,207,110,32,6,2,1940s,7330
603190,By Love Possessed,By Love Possessed,12,1957,3.22,85,11,Unknown,17,20,24,13,11,24,1950s,296437
1231937,"Sincerely, Willis Wayde","Sincerely, Willis Wayde",4,1955,3.71,17,0,Little Brown & Co,3,8,4,2,0,6,1950s,156078
1069159,So Little Time,So Little Time,5,1943,3.62,29,6,Unknown,9,7,7,5,1,11,1940s,156078
282659,B.F.'s Daughter,B.F.'s Daughter,4,1946,3.66,38,9,Little Brown & Co,8,14,11,5,0,9,1940s,156078
279416,Point of No Return,Point of No Return,5,1949,3.84,141,19,Academy Chicago Publishers,34,67,28,8,4,23,1940s,156078
300225,Bloodline,Bloodline,80,1978,3.78,24171,556,Doubleday,6183,8818,7228,1621,322,13,1970s,9068
14554,"If Tomorrow Comes (Tracy Whitney Series, #1)",If Tomorrow Comes,86,1985,4.01,46334,1519,Morrow,16089,17317,10502,2002,425,9,1980s,9068
84054,The Stars Shine Down,The Stars Shine Down,66,1992,3.64,13317,332,Harper Collins,2840,4526,4478,1244,229,1,1990s,9068
119382,Sands of Time,The Sands of Time,75,1988,3.72,19232,384,Harper Collins,4690,6653,6076,1509,304,11,1980s,9068
106648,Memories of Midnight,Memories of Midnight,65,1990,3.68,14455,335,Warner,3238,4966,4840,1174,237,2,1990s,9068
43328,Rage of Angels,Rage of Angels,82,1980,3.91,28698,826,Harper Collins,8881,10478,7429,1602,308,11,1980s,9068
43330,Master of the Game,Master of the Game,85,1982,4.09,41300,1241,Harper Collins,16096,14972,8305,1576,351,4,1980s,9068
119389,Windmills of the Gods,Windmills of the Gods,78,1987,3.81,23329,482,Harper Collins,6161,8515,6848,1553,252,7,1980s,9068
132380,Politically Correct Bedtime Stories,Politically Correct Bedtime Stories,35,1994,3.66,4410,517,MacMillan,1057,1488,1304,441,121,6,1990s,76243
13497,"A Feast for Crows (A Song of Ice and Fire, #4)",A Feast for Crows,162,2005,4.09,455732,18375,Bantam,176572,167577,90708,17885,2998,1,2000s,346732
10664113,"A Dance with Dragons (A Song of Ice and Fire, #5)",A Dance with Dragons,100,2011,4.3,399749,19568,Bantam,196917,139490,51342,9728,2277,1,2010s,346732
13359067,"A Wanted Man (Jack Reacher, #17)",A Wanted Man,49,2012,3.99,40968,3235,Random House,12992,16908,9142,1603,324,1,2010s,5091
23664710,"Make Me (Jack Reacher, #20)",Make Me,40,2015,3.95,32505,3144,Unknown,10008,13337,7094,1552,518,1,2010s,5091
6977769,"61 Hours (Jack Reacher, #14)",61 Hours,68,2010,4.08,48106,3062,Delacorte Press,16445,20864,9131,1373,294,1,2010s,5091
17262159,"Never Go Back (Jack Reacher, #18)",Never Go Back,73,2013,4.02,39336,3395,Delacorte Press,12427,17042,8285,1278,304,1,2010s,5091
28077464,"Night School (Jack Reacher, #21)",Night School,32,2016,3.99,16412,1528,Books on Tape,5553,6458,3393,740,271,1,2010s,5091
8357992,"Worth Dying For (Jack Reacher, #15)",Worth Dying For,64,2010,4.2,52850,2502,Delacorte Press,21535,21916,8158,1006,238,1,2010s,5091
2211221,"Nothing to Lose (Jack Reacher, #12)",Nothing to lose,67,2008,3.9,35379,1857,Delacorte Press,10357,14023,8558,1987,454,1,2000s,5091
10428708,"The Affair (Jack Reacher, #16)",The Affair,71,2011,4.11,52456,3134,Bantam,18775,22579,9431,1343,328,1,2010s,5091
20263040,"Personal (Jack Reacher, #19)",Personal,58,2014,3.89,35095,2992,Delacorte Press,9858,14146,8777,1853,463,1,2010s,5091
4494917,"Gone Tomorrow (Jack Reacher, #13)",Gone Tomorrow,77,2009,4.16,52876,2230,Transworld Publishers,20374,22436,8691,1077,299,1,2000s,5091
43641,Water for Elephants,Water for Elephants,129,2006,4.06,1064682,54984,Unknown,405747,401426,193093,48294,16137,8,2010s,24556
17212231,"Inferno (Robert Langdon, #4)",Inferno,220,2013,3.79,320171,32651,Doubleday,86260,119097,83358,24621,6841,6,2010s,630
6411961,"The Lost Symbol (Robert Langdon, #3)",The Lost Symbol,202,2009,3.65,386095,23685,Doubleday,90901,129820,115190,39228,10964,10,2000s,630
968,"The Da Vinci Code (Robert Langdon, #2)",The Da Vinci Code,110,2003,3.78,1504738,40586,Anchor,457991,520548,331782,124178,70248,59,2000s,630
10965,"A Breath of Snow and Ashes (Outlander, #6)",A Breath of Snow and Ashes,53,2005,4.42,96331,3791,Delta,55238,28835,10210,1622,430,1,2000s,3617
10964,Outlander (Outlander #1),Outlander,177,1991,4.2,534197,34952,Dell,284798,136143,67882,25773,19612,3,2010s,3617
11710373,"Written in My Own Heart's Blood (Outlander, #8)",Written in My Own Heart's Blood,40,2014,4.49,56902,5353,Delacorte Press,35288,15594,4829,868,325,1,2010s,3617
359855,"The Force Unleashed (Star Wars: The Force Unleashed, #1)",The Force Unleashed,18,2008,3.73,3095,213,Del Rey,852,1013,858,284,89,1,2000s,31321
6892870,"The Girl Who Kicked the Hornet's Nest (Millennium, #3)",The Girl Who Kicked the Hornets' Nest,187,2007,4.2,505040,26359,Knopf,215630,195624,75798,14314,3678,9,2010s,706255
2429135,"The Girl with the Dragon Tattoo (Millennium, #1)",The Girl with the Dragon Tattoo,270,2005,4.1,1819958,61547,Knopf,780233,632925,272130,82494,52198,2,2010s,706255
5060378,"The Girl Who Played with Fire (Millennium, #2)",The Girl Who Played with Fire,204,2004,4.22,614713,30905,Knopf,262283,246121,87025,15054,4246,1,2000s,706255
41699,"Polar Shift (NUMA Files, #6)",Polar Shift,44,2005,3.88,7128,214,G.P. Putnam's,1847,2954,1987,294,47,2,2000s,18411
198331,"Valhalla Rising (Dirk Pitt, #16)",Valhalla Rising,62,2001,3.91,17883,397,Unknown,5010,7267,4785,660,162,4,2000s,18411
25776200,"The Gangster (Isaac Bell, #9)",The Gangster,1,2016,3.92,2164,175,G.P. Putnam's,639,874,518,105,29,1,2010s,18411
559889,"Flood Tide (Dirk Pitt, #14)",Flood Tide,58,1997,3.88,12285,225,Pocket,3180,5034,3525,487,60,3,1990s,18411
21853621,The Nightingale,The Nightingale,66,2015,4.53,268171,31836,St. Martin's Press,175745,68775,17140,4153,2374,1,2010s,54493
12022079,Home Front,Home Front,25,2012,4.12,38716,4240,St. Martin's Press,14961,15421,6673,1208,453,1,2010s,54493
716780,The Green Years,The Green Years,22,1944,4.0,641,27,Unknown,215,255,134,32,5,18,1940s,807271
1458918,Beyond This Place,Beyond This Place,19,1953,3.99,233,26,Unknown,80,88,52,8,5,6,1950s,807271
1458923,Shannon's Way,Shannon's Way,24,2014,3.95,366,16,Unknown,117,135,96,16,2,3,1940s,807271
184803,The Keys of the Kingdom,The Keys of the Kingdom,47,1941,4.27,1605,150,Loyola Classics,752,572,245,30,6,1,1940s,807271
182463,An Indecent Obsession,An Indecent Obsession,32,1981,3.52,1723,80,Warner,313,521,673,173,43,14,1980s,4917067
3412,The Thorn Birds,The Thorn Birds,194,1977,4.21,257198,4324,Unknown,121647,82800,41108,8863,2781,16,1970s,4917067
31196,The Razor's Edge,The Razor's Edge,141,1944,4.18,27179,2058,Vintage,11508,10258,4328,869,216,4,1940s,4176632
83763,Prey,Prey,108,2002,3.71,130610,2562,Avon,31332,46176,39593,11075,2437,4,2000s,5194
7667,Airframe,Airframe,77,1996,3.65,60273,1406,Arrow,12684,21418,19597,5367,1209,5,1990s,5194
7668,Rising Sun,Rising Sun,87,1992,3.61,39415,638,Turtleback Books,7251,14292,13720,3452,700,2,1990s,5194
7675,Disclosure,Disclosure,76,1994,3.75,57911,679,Arrow,13873,21446,17617,4075,900,5,1990s,5194
8650,"The Lost World (Jurassic Park, #2)",The Lost World,5,1995,3.71,89451,2309,Knopf,20470,32503,27978,7192,1309,8,1990s,5194
230619,The Salzburg Connection,The Salzburg Connection,23,1968,3.94,3118,50,Fawcett,987,1167,796,122,46,18,1960s,54915
2336803,"The Last Patriot (Scot Harvath, #7)",The Last Patriot,27,2008,4.15,13278,645,Atria,5319,5282,2188,370,119,1,2000s,5088
16130723,"Hidden Order (Scot Harvath, #12)",Hidden Order,18,2013,4.09,10040,690,Atria,3725,4023,1851,333,108,1,2010s,5088
18775336,"Act of War (Scot Harvath, #13)",Act of War,19,2014,4.11,8667,553,Atria,3277,3533,1488,272,98,1,2010s,5088
18869969,The King's General,The King's General,58,1946,3.89,2512,229,Little Brown & Co,724,970,657,136,25,6,1940s,2001717
84573,Frenchman's Creek,Frenchman's Creek,85,1941,3.93,8487,709,Warner,2624,3224,2121,427,91,1,1940s,2001717
17899950,Mary Anne,Mary Anne,37,1954,3.39,1277,139,Little Brown & Co,180,388,494,176,39,11,1950s,2001717
18869975,The Parasites,The Parasites,33,1949,3.66,977,84,Little Brown & Co,201,386,277,85,28,5,1950s,2001717
18869976,The Glass-Blowers,The Glass-Blowers,32,1963,3.59,1440,99,Little Brown & Co,237,552,505,116,30,6,1960s,2001717
18869971,The Scapegoat,The Scapegoat,67,1957,3.94,3813,363,Little Brown & Co,1060,1681,876,167,29,14,1950s,2001717
18869970,My Cousin Rachel,My Cousin Rachel,108,1951,3.89,15296,1315,Little Brown & Co,4144,6500,3716,749,187,8,1950s,2001717
2260637,"The Whole Truth (A. Shaw, #1)",The Whole Truth,60,2008,3.99,21502,1195,Grand Central Publishing,6611,9185,4811,698,197,1,2000s,9291
8045080,"Hell's Corner (Camel Club, #5)",Hell's Corner,46,2010,4.09,22370,1475,MacMillan,7941,9481,4125,657,166,1,2010s,9291
3410425,"Divine Justice (Camel Club, #4)",Divine Justice,50,2008,4.16,35496,1245,Grand Central Publishing,13539,15200,5807,730,220,1,2000s,9291
85306,"Hour Game (Sean King & Michelle Maxwell, #2)",Hour Game,88,2004,3.93,25817,1208,Vision,6992,11390,6287,941,207,1,2000s,9291
18353714,"The Target (Will Robie, #3)",The Target,43,2014,4.03,25328,1928,Grand Central Publishing,8159,11038,5017,851,265,2,2010s,9291
93947,"Simple Genius (Sean King & Michelle Maxwell, #3)",Simple Genius,73,2007,3.88,24370,1345,Warner,6343,10371,6298,1135,223,2,2000s,9291
23153154,"Memory Man (Amos Decker, #1)",Memory Man,49,2015,4.05,45052,3597,Grand Central Publishing,15841,18885,7752,1698,879,1,2010s,9291
26245853,"The Last Mile (Amos Decker, #2)",The Last Mile,32,2016,4.22,23863,1964,Grand Central Publishing,10216,9752,3134,525,237,1,2010s,9291
15791154,"The Hit (Will Robie, #2)",The Hit,47,2013,4.03,32639,2370,Grand Central Publishing,10166,14866,6406,955,246,1,2010s,9291
11007587,"Zero Day (John Puller, #1)",Zero Day,53,2011,3.97,44150,2668,Unknown,13581,18838,9389,1694,649,1,2010s,9291
7277715,"Deliver Us from Evil (A. Shaw, #2)",Deliver us from Evil,45,2010,3.97,17458,1090,Unknown,5459,7135,3908,724,232,1,2010s,9291
5509321,"First Family (Sean King & Michelle Maxwell, #4)",First Family,61,2009,3.97,24763,1617,Unknown,7033,11006,5754,797,173,1,2000s,9291
627984,"Stone Cold (Camel Club, #3)",Stone Cold,65,2007,4.1,29213,1314,Unknown,10152,12893,5346,672,150,1,2000s,9291
1017661,Don't Go Near the Water,Don't Go Near the Water,9,1956,3.7,66,10,US Naval Institute Press,12,27,23,3,1,15,1950s,153910
28220985,"A Great Reckoning (Chief Inspector Armand Gamache, #12)",A Great Reckoning,14,2016,4.51,14119,2218,Minotaur Books,8782,4150,924,182,84,1,2010s,194243
19561922,"The Long Way Home (Chief Inspector Armand Gamache, #10)",The Long Way Home,18,2014,4.06,18130,2413,Minotaur Books,6801,6924,3273,876,258,1,2010s,194243
6551,Herzog,Herzog,100,1964,3.79,14667,799,Penguin,4141,5334,3584,1135,473,29,1960s,4391
13573622,"The Last Man (Mitch Rapp, #13)",The Last Man,27,2012,4.33,23282,1254,Atria,11548,8486,2765,369,114,1,2010s,14989
3313418,"Extreme Measures (Mitch Rapp, #11)",Extreme Measures,38,2008,4.33,31470,792,Unknown,15809,11218,3669,539,235,1,2000s,14989
17570105,"The Survivor (Mitch Rapp, #14)",The Survivor,31,2015,4.19,10373,859,Simon & Schuster,4257,4248,1507,264,97,1,2010s,14989
7959473,"American Assassin (Mitch Rapp, #1)",American Assassin,42,2010,4.25,45203,2148,Simon & Schuster,20956,16569,6044,1141,494,1,2010s,14989
10816297,"Kill Shot (Mitch Rapp, #2)",Kill Shot,28,2012,4.3,30841,1480,Simon & Schuster,14442,11893,3880,501,127,1,2010s,14989
504420,"Protect and Defend (Mitch Rapp, #10)",Protect and Defended,36,2007,4.33,25021,681,Atria,12427,9101,3017,368,108,1,2000s,14989
14866,Nineteen Minutes,Nineteen Minutes,83,2007,4.09,240521,13681,Atria,93730,90122,44594,9348,2730,4,2000s,7128
6614960,House Rules,House Rules,64,2010,4.0,115155,9644,Unknown,38733,45705,24357,5253,1109,2,2010s,7128
3720975,Handle with Care,Handle with Care,57,2009,3.95,92327,7272,Atria,30666,34780,20338,5117,1427,3,2000s,7128
1609451,Change of Heart,Change of Heart,51,2008,3.91,87417,5782,Atria,26483,33571,21350,4726,1287,3,2000s,7128
42697,Exodus,Exodus,77,1958,4.33,76421,1387,Bantam,39274,25436,9785,1488,438,20,1950s,19708
368819,Topaz,Topaz,38,1967,3.74,3555,97,Bantam,743,1385,1199,200,28,1,1960s,19708
42696,Trinity,Trinity,34,1976,4.22,16286,846,Avon,7372,5802,2553,440,119,36,1970s,19708
17938069,Exodus and QB VII: Two Leon Uris Classics,QB VII,4,2013,4.53,92,1,Open Road Media,58,29,3,0,2,9,1970s,19708
3431,The Five People You Meet in Heaven,The Five People You Meet in Heaven,123,2003,3.9,463204,16123,Hyperion,160567,151763,105592,33107,12177,7,2000s,2331
10929,For One More Day,For One More Day,84,2006,4.08,103362,6400,Unknown,40087,37701,20502,4125,947,9,2000s,2331
17348314,"The Hero (Thunder Point, #3)",The Hero,16,2013,4.06,7157,521,Harlequin MIRA,2538,2847,1470,250,52,1,2010s,107767
18246304,"The Chance (Thunder Point, #4)",The Chance,17,2014,4.04,5969,498,Harlequin MIRA,2024,2441,1275,188,41,1,2010s,107767
86172,A Man in Full,A Man in Full,57,1998,3.79,13048,735,Dial,3302,5184,3383,919,260,10,1990s,3083854
2666,The Bonfire of the Vanities,The Bonfire of the Vanities,85,1987,3.81,54123,2042,Unknown,14776,20789,13270,3910,1379,8,1980s,3083854
116343,"The Hollow Hills (Arthurian Saga, #2)",The Hollow Hills,10,1973,4.23,17523,398,Eos,7501,6925,2773,278,46,11,1970s,15590
27691,The Gabriel Hounds,The Gabriel Hounds,23,1967,3.86,3341,143,Harper Collins,884,1295,1004,136,22,1,1960s,15590
64105,"The Last Enchantment (Arthurian Saga, #3)",The Last Enchantment,43,1979,4.15,12032,305,Harper Collins,4619,4915,2186,268,44,4,1970s,15590
77239,Andersonville,Andersonville,31,1955,4.1,6118,253,Plume,2434,2274,1118,181,111,12,1950s,16893
3675828,Long Lost,Long Lost,80,2009,3.94,19424,1495,Unknown,5415,8411,4694,774,130,1,2000s,24689
8437667,Live Wire,Live Wire,68,2011,4.06,30154,1475,Dutton,10354,12708,5994,876,222,1,2010s,24689
26109394,Fool Me Once,Fool me once,35,2016,3.9,34673,3494,Dutton,10263,13851,8004,1891,668,2,2010s,24689
15811568,Six Years,Six Years,78,2013,3.8,47744,4642,Dutton,12061,18950,12652,3180,901,1,2010s,24689
6681454,Caught,Caught,74,2010,3.97,36519,2766,Unknown,10699,15910,8371,1282,257,1,2010s,24689
18114060,Missing You,Missing You,67,2014,3.95,30922,3051,Dutton,8660,13968,6692,1246,356,1,2010s,24689
2177236,Hold Tight,Hold Tight,92,2008,3.93,31817,2151,Dutton,8627,14007,7829,1121,233,1,2000s,24689
10766509,The Best of Me,The Best of Me,90,2010,3.89,111656,9220,Grand Central Publishing,38159,36251,26261,8494,2494,2,2010s,2345
15924,"At First Sight (Jeremy Marsh & Lexie Darnell, #2)",At First Sight,80,2004,3.81,64730,3152,Unknown,19362,21501,17480,4945,1442,1,2000s,2345
3063499,The Lucky One,The Lucky One,99,2008,4.1,269797,9319,Unknown,111749,90808,52265,11459,3520,2,2000s,2345
3464,"True Believer (Jeremy Marsh & Lexie Darnell, #1)",True Believer,93,2003,3.8,65783,2514,Grand Central Publishing,19151,21793,18605,4863,1371,3,2000s,2345
17407748,The Longest Ride,The Longest Ride,84,2012,4.14,82417,8384,Grand Central Publishing,34648,29338,14342,3194,896,1,2010s,2345
5526,Dear John,Dear John,109,2006,4.01,435592,10444,Unknown,171408,139180,91246,24441,9318,2,2000s,2345
7812659,Safe Haven,Safe Haven,114,2010,4.19,261554,12531,Grand Central Publishing,119092,86959,43507,9124,2875,8,2010s,2345
15926,Nights in Rodanthe,Nights in Rodanthe,112,2002,3.82,132196,3932,Warner,41675,41308,35815,10364,3036,1,2000s,2345
24820165,See Me,See Me,56,2015,3.92,33890,3331,Grand Central Publishing,11201,12296,7721,1998,675,1,2010s,2345
6400090,The Last Song,The Last Song,91,2008,4.14,420996,10836,Grand Central Publishing,187231,134694,74879,17230,6968,1,2000s,2345
3462,The Rescue,The Rescue,86,2000,4.09,143303,3161,Grand Central Publishing,58833,47960,29220,5658,1632,2,2000s,2345
16300,"Sleeping Murder (Miss Marple, #13)",Sleeping Murder,149,1976,3.9,18021,891,Dodd Mead,4997,7208,4997,726,93,7,1970s,123715
81903,"Curtain (Hercule Poirot, #39)",Curtain,174,1975,4.04,20773,994,Berkley,7744,7452,4498,890,189,19,1970s,123715
119091,"Taltos (Lives of the Mayfair Witches, #3)",Taltos,60,1994,3.78,43393,561,Random House,13060,13662,11791,3778,1102,1,1990s,7577
31336,"The Tale of the Body Thief (The Vampire Chronicles, #4)",The Tale of the Body Thief,63,1992,3.7,69962,1115,Ballantine Books,17773,22659,21715,6416,1399,4,1990s,7577
43780,"Vampire Chronicles: Interview with the Vampire, The Vampire Lestat, The Queen of the Damned (Anne Rice)",The Queen of the Damned,14,1989,4.25,10892,174,Random House,5566,3222,1528,379,197,3,1980s,7577
31338,"Memnoch the Devil (The Vampire Chronicles, #5)",Memnoch the Devil,60,1995,3.73,65588,1334,B E Trice,20235,18726,17701,6629,2297,3,1990s,7577
43805,Servant of the Bones,Servant of the Bones,54,1996,3.69,25477,397,B E Trice,6714,7908,7830,2378,647,1,1990s,7577
32439,Intensity,Intensity,81,1987,4.04,58928,2191,Bantam,22358,20777,12310,2523,961,3,1990s,9355
16431,Sole Survivor,Sole Survivor,63,1997,3.77,22541,546,Bantam,5474,8421,6909,1444,293,2,1990s,9355
7830126,What the Night Knows,What the Night Knows,42,2010,3.73,15504,1536,Bantam,3897,5671,4245,1250,441,1,2010s,9355
2029927,"Odd Hours (Odd Thomas, #4)",Odd Hours,53,2008,3.92,35093,1970,Bantam,11249,12648,8759,2026,411,1,2000s,9355
4946005,Relentless,Relentless,49,2009,3.71,13280,1191,Unknown,3193,4809,3914,991,374,1,2000s,9355
64955,Midnight,Midnight,74,1989,3.8,20270,386,Berkley,5233,7330,6322,1175,210,3,1980s,9355
32442,Cold Fire,Cold Fire,73,1991,3.75,18965,438,Berkley,4543,6802,6193,1212,215,3,1990s,9355
32422,Hideaway,Hideaway,76,1992,3.81,27834,446,Berkley,7358,10140,8440,1554,342,4,1990s,9355
16429,The Husband,The Husband,62,2006,3.8,37283,1595,Bantam,9625,13922,10804,2384,548,3,2000s,9355
32430,The Bad Place,The Bad Place,77,1989,3.86,27031,548,Berkley,7865,9749,7488,1533,396,2,1990s,9355
15746,One Door Away from Heaven,One Door Away from Heaven,52,2001,3.94,16609,538,Bantam,5682,5748,3962,932,285,2,2000s,9355
65948,From the Corner of His Eye,From the Corner of His Eye,52,2000,3.99,24181,987,Bantam,8817,8336,5438,1232,358,3,2000s,9355
32429,Dragon Tears,Dragon Tears,53,1993,3.72,17965,400,Berkley,4351,6173,5779,1387,275,1,1990s,9355
4659,A Widow for One Year,A Widow for One Year,91,1998,3.74,48399,2238,Ballantine Books,10828,19183,14110,3415,864,3,1990s,3075
4656,The Fourth Hand,The Fourth Hand,78,2001,3.29,24066,936,Fawcett,2441,7301,10016,3446,862,1,2000s,3075
11768,The Hotel New Hampshire,The Hotel New Hampshire,82,1981,3.88,48910,1343,Black Swan,13448,19847,12550,2549,516,8,1980s,3075
4687,The Cider House Rules,The Cider House Rules,106,1985,4.1,129413,3067,Thorndike Press,47533,53474,22988,4209,1209,1,1980s,3075
540020,The Day of the Jackal,The Day of the Jackal,45,1971,4.24,85250,1300,Bantam,37782,32917,12391,1673,487,7,1970s,36714
327255,The Fourth Protocol,The Fourth Protocol,74,1984,3.99,24517,201,Arrow,7266,10661,5723,696,171,6,1980s,36714
149572,The Odessa File,The Odessa File,97,1972,4.09,41940,473,Bantam,14685,17773,8410,908,164,6,1970s,36714
93517,Dragon Seed,Dragon Seed,48,1941,4.05,1790,139,Moyer Bell,618,731,366,58,17,5,1940s,704
6135237,South of Broad,South of Broad,32,2009,3.77,33157,4926,Nan A. Talese,9151,12137,8058,2684,1127,2,2000s,6942
16729,Beach Music,Beach Music,52,1975,4.12,33629,2304,Unknown,14349,11488,5855,1454,483,3,1990s,6942
5739373,"The Defector (Gabriel Allon, #9)",The Defector,51,2009,4.28,20147,722,G.P. Putnam's,9222,7837,2619,353,116,1,2000s,29085
27213121,"The Black Widow (Gabriel Allon, #16)",The Black Widow,29,2016,4.37,12471,1238,Harper Collins,6601,4334,1157,265,114,1,2010s,29085
2033217,"Moscow Rules (Gabriel Allon, #8)",Moscow Rules,66,2008,4.16,14851,851,G.P. Putnam's,5655,6336,2483,310,67,2,2000s,29085
7096123,"The Rembrandt Affair (Gabriel Allon, #10)",The Rembrandt Affair,47,2010,4.26,20480,1129,G.P. Putnam's,8992,8337,2723,314,114,1,2010s,29085
4527502,"The Scarecrow (Jack McEvoy, #2)",The Scarecrow,67,2009,4.01,24139,1606,Unknown,7498,10415,5354,737,135,1,2000s,12470
25010281,"The Crossing (Harry Bosch, #20; Mickey Haller, #7; Harry Bosch Universe, #25)",The Crossing,46,2015,4.2,21359,2178,Little Brown & Co,8157,9849,2963,292,102,1,2010s,12470
11082037,"The Drop (Harry Bosch, #17; Harry Bosch Universe, #21)",The Drop,73,2011,4.13,36574,2354,Unknown,12764,16816,6194,665,137,1,2010s,12470
7936809,"The Reversal (Harry Bosch, #16; Mickey Haller, #4; Harry Bosch Universe, #19)",The Reversal,76,2010,4.12,38977,2407,Unknown,13328,17869,6940,718,123,1,2010s,12470
32505,"The Closers (Harry Bosch, #11; Harry Bosch Universe, #13)",The Closers,95,2005,4.07,27682,1135,Grand Central Publishing,8487,13148,5489,493,65,1,2000s,12470
29154543,"The Wrong Side of Goodbye (Harry Bosch, #21; Harry Bosch Universe, #26)",The Wrong Side of Goodbye,22,2016,4.39,17156,1584,Little Brown & Co,8888,6496,1451,225,99,1,2010s,12470
17333227,"The Gods of Guilt (Mickey Haller, #6; Harry Bosch Universe, #23)",The Gods of Guilt,55,2013,4.08,28068,2772,Little Brown & Co,9060,13104,5125,620,159,1,2010s,12470
13495034,"The Black Box (Harry Bosch, #18; Harry Bosch Universe, #22)",The Black Box,67,2012,4.08,30485,2444,Little Brown & Co,9897,13965,5830,666,127,1,2010s,12470
9681098,"The Fifth Witness (Mickey Haller, #5; Harry Bosch Universe, #20)",The Fifth Witness,70,2011,4.16,41366,2460,Little Brown & Co,15293,18505,6709,707,152,1,2010s,12470
20881071,"The Burning Room (Harry Bosch, #19; Harry Bosch Universe, #24)",The Burning Room,52,2014,4.03,27082,2505,Little Brown & Co,8456,12336,5255,793,243,1,2010s,12470
2761626,"The Brass Verdict (Harry Bosch, #14; Mickey Haller, #2; Harry Bosch Universe, #17)",The Brass Verdict,96,2008,4.07,40086,2589,Little Brown & Co,12104,19566,7619,693,104,1,2000s,12470
79885,"The Lincoln Lawyer (Mickey Haller, #1; Harry Bosch Universe, #16)",The Lincoln Lawyer,122,2005,4.13,154609,4598,Little Brown & Co,57862,64892,27056,3689,1110,1,2000s,12470
17876893,"Captivated by You (Crossfire, #4)",Captivated by You,65,2014,4.05,66922,5137,Berkley,28650,19974,12939,3936,1424,1,2010s,19823
15731779,"Entwined with You (Crossfire, #3)",Entwined With You,75,2013,4.19,152834,9637,Berkley,73151,45943,24811,6734,2196,1,2010s,19823
20448515,"Bared to You (Crossfire, #1)",One with you,93,2012,4.19,370623,16421,Berkley,189320,100736,53193,18082,9296,1,2010s,19823
13596809,"Reflected in You (Crossfire, #2)",Reflected in You,81,2012,4.33,260327,9699,Berkley,143845,72550,32835,8294,2805,2,2010s,19823
99755,"Oliver's Story (Love Story, #2)",Oliver's Story,35,1977,3.17,4971,218,Unknown,575,1173,1990,996,237,7,1970s,15516
73968,"Love Story (Love Story, #1)",Love Story,107,1970,3.6,42939,2133,Unknown,10492,13318,12326,5062,1742,41,1970s,15516
380976,"P is for Peril (Kinsey Millhone, #16)","""P"" Is for Peril",58,2000,3.85,17510,572,Unknown,4187,7271,5350,606,96,2,2000s,9559
643962,"L is for Lawless (Kinsey Millhone, #12)","""L"" Is for Lawless",56,1994,3.91,23003,482,Fawcett,6336,9232,6628,703,104,2,1990s,9559
64862,"R is for Ricochet (Kinsey Millhone, #18)","""R"" Is for Ricochet",52,2004,3.96,25139,585,G.P. Putnam's,7568,10083,6577,755,156,1,2000s,9559
17707605,"W is for Wasted (Kinsey Millhone, #23)",W is for Wasted,28,2013,3.86,20899,2735,G.P. Putnam's,5184,9043,5504,921,247,1,2010s,9559
6193821,"U Is for Undertow (Kinsey Millhone, #21)","""U"" Is for Undertow",36,2009,3.92,20462,2065,G.P. Putnam's,5227,9181,5366,586,102,1,2000s,9559
24940998,"X (Kinsey Millhone, #24)",X,26,2015,3.87,17784,2496,G.P. Putnam's,4607,7469,4671,802,235,1,2010s,9559
410445,"T is for Trespass (Kinsey Millhone, #20)","""T"" Is for Trespass",45,2007,3.91,19614,1481,G.P. Putnam's,5091,8573,5156,647,147,2,2000s,9559
64864,"N is for Noose (Kinsey Millhone, #14)","""N"" Is for Noose",46,1998,3.97,25534,492,MacMillan,7789,10126,6802,696,121,1,1990s,9559
262229,"Q is for Quarry (Kinsey Millhone, #17)","""Q"" Is for Quarry",49,2002,3.9,18380,657,Unknown,4808,7765,5132,574,101,2,2000s,9559
142079,"S is for Silence (Kinsey Millhone, #19)","""S"" Is for Silence",50,2005,3.89,18613,834,G.P. Putnam's,4731,7998,5150,625,109,2,2000s,9559
25114548,Friction,Friction,22,2015,3.93,12811,1154,Grand Central Publishing,3932,5135,2849,674,222,1,2010s,6218
2306910,Smoke Screen,Smoke Screen,46,2008,3.97,11815,726,Simon & Schuster,3554,4929,2820,426,86,1,2000s,6218
268275,Chill Factor,Chill Factor,57,2005,3.95,14368,930,Unknown,4328,5838,3436,626,140,1,2000s,6218
30347,The Alibi,The Alibi,68,1999,4.02,18383,477,Hachette,6297,7188,4071,662,165,1,1990s,6218
216443,Heir to the Empire (Star Wars: The Thrawn Trilogy #1),Heir to the Empire,17,1991,4.12,51231,1900,Bantam,20263,19210,9562,1807,390,1,1990s,12479
547398,Lord Vanity,Lord Vanity,8,1953,3.79,104,16,Little Brown & Co,30,38,23,10,3,11,1950s,300708
547172,Captain From Castile,Captain from Castile,11,1945,4.1,387,41,Bridge Works Publishing Company,139,160,75,12,1,7,1940s,300708
22034,The Godfather,The Godfather,243,1969,4.35,258252,5411,NAL,140299,80272,29069,5804,2814,21,1960s,12605
22026,The Sicilian,The Sicilian,87,1984,3.93,14055,446,Ballantine Books,4206,5551,3516,676,106,2,1980s,12605
1866494,The Cardinal,The Cardinal,15,1950,4.16,195,29,Unknown,77,77,37,3,1,24,1950s,33590
42986,"War and Remembrance (The Henry Family, #2)",War and Remembrance,40,1978,4.38,26995,642,Back Bay Books,14374,8986,3138,401,96,9,1970s,9020
21484,"The Winds of War (The Henry Family, #1)",The Winds of War,55,1971,4.36,41598,1102,Unknown,21938,13850,4893,697,220,21,1970s,9020
14504,Marjorie Morningstar,Marjorie Morningstar,46,1955,3.99,5934,548,Unknown,2009,2287,1266,304,68,13,1950s,9020
368772,The Caine Mutiny,The Caine Mutiny,19,1951,4.22,15816,681,Unknown,6868,6090,2392,358,108,48,1950s,9020
179780,The Exorcist,The Exorcist,136,1971,4.13,122027,2627,Harper Collins,52812,40876,21642,4634,2067,12,1970s,104728
227711,I Know This Much Is True,I Know This Much Is True,51,1998,4.16,249154,7551,ReganBooks,111974,84228,38875,9770,4310,1,1990s,3505
227711,I Know This Much Is True,I Know This Much is True,51,1998,4.16,249154,7551,ReganBooks,111974,84228,38875,9770,4310,2,1990s,3505
13891,"Winter's Heart (Wheel of Time, #9)",Winter's Heart,53,2000,3.91,73165,1241,Tor,24350,24927,17828,4911,1150,1,2000s,6252
140974,"The Path of Daggers (Wheel of Time, #8)",The Path of Daggers,54,1998,3.9,78134,1233,Tor,25473,26505,19803,5263,1090,2,1990s,6252
7743175,"A Memory of Light (Wheel of Time, #14)",A Memory of Light,31,2012,4.5,69303,4713,Tor,44262,17821,5482,1181,559,1,2010s,6252
8253920,"Towers of Midnight (Wheel of Time, #13)",Towers of Midnight,32,2010,4.41,93204,2253,Tom Doherty Associates TOR Fantasy,52846,29164,8694,1649,851,1,2010s,6252
1166599,"The Gathering Storm (Wheel of Time, #12)",The Gathering Storm,36,2009,4.34,95570,2462,Tor,50366,31469,10472,2129,1136,1,2000s,6252
113435,"Crossroads of Twilight (Wheel of Time, #10)",Crossroads of Twilight,49,2003,3.81,65077,1483,Unknown,21094,20569,15706,5686,2022,2,2000s,6252
13888,"Knife of Dreams (Wheel of Time, #11)",Knife of Dreams,48,2005,4.11,74073,1313,Tom Doherty Associates TOR Fantasy,30360,26772,12985,2936,1020,1,2000s,6252
2299110,Acheron (Dark-Hunter #14),Acheron,31,2008,4.59,46281,3167,Unknown,33376,8529,3131,816,429,1,2000s,4430
6058042,"Bad Moon Rising (Dark-Hunter, #17; Were-Hunter, #4; Hellchaser, #1)",Bad Moon Rising,25,2009,4.29,23545,913,Unknown,11706,7753,3360,600,126,1,2000s,4430
18079776,The Invention of Wings,The Invention of Wings,60,2014,4.22,178545,18660,Unknown,75054,74530,23862,3735,1371,1,2010s,4711
6976,The Mermaid Chair,The Mermaid Chair,46,2004,3.09,63859,5786,Penguin,6334,15760,23989,13031,4745,1,2000s,4711
10818853,"Fifty Shades of Grey (Fifty Shades, #1)",Fifty Shades of Grey,159,2011,3.67,1401512,74497,Vintage,561624,287803,244811,147455,159836,29,2010s,4725841
10818853,"Fifty Shades of Grey (Fifty Shades, #1)",Grey,159,2011,3.67,1401519,74497,Vintage,561624,287803,244811,147455,159836,4,2010s,4725841
15985348,"Dead Ever After (Sookie Stackhouse, #13)",Dead Ever After,43,2013,3.38,64658,9118,Ace,13281,17460,19353,9358,5205,1,2010s,17061
7091488,"Dead in the Family (Sookie Stackhouse, #10)",Dead in the Family,59,2010,3.88,135204,5277,Ace,41542,47193,36546,8424,1499,2,2010s,17061
5161066,"Dead and Gone (Sookie Stackhouse, #9)",Dead and Gone,66,2009,4.01,153980,4262,Ace,52733,58267,35592,6302,1086,1,2000s,17061
7981206,"Dead Reckoning (Sookie Stackhouse, #11)",Dead Reckoning,54,2011,3.76,103528,6193,"Gollancz, Victor Limited",27182,35593,31151,8010,1592,1,2010s,17061
128029,A Thousand Splendid Suns,A Thousand Splendid Suns,188,2007,4.33,818614,41953,Unknown,418600,281268,95218,17363,6172,15,2000s,569
10692,The Historian,The Historian,124,2005,3.76,200552,13869,Warner,60748,66524,46744,18222,8317,1,2000s,5918
387348,The Group,The Group,59,1963,3.65,8962,862,Unknown,1858,3488,2547,800,269,20,1960s,7305
8671718,KnockOut,Knockout,30,2009,4.13,8618,410,Brilliance Audio,3510,3172,1541,295,100,1,2000s,1239
319136,Point Blank,Point Blank,31,2005,4.1,9242,264,Jove,3588,3458,1831,297,68,1,2000s,1239
29093764,"Insidious (FBI Thriller, #20)",Insidious,16,2016,4.01,3437,354,Gallery Books,1243,1257,711,172,54,1,2010s,1239
89695,The Haunted Mesa,The Haunted Mesa,22,1987,3.8,4578,267,Bantam,1408,1471,1211,371,117,1,1980s,858
266485,Last of the Breed,Last of the Breed,24,1986,4.23,7453,641,Bantam,3442,2555,1208,198,50,4,1980s,858
699678,Jubal Sackett,Jubal Sackett,22,1985,4.14,4934,190,Bantam,2000,1786,1009,128,11,1,1980s,858
14785,"Chosen Prey (Lucas Davenport, #12)",Chosen Prey,38,2001,4.22,20388,314,Berkley,8545,8311,3186,261,85,3,2000s,4610
28815364,"Escape Clause (Virgil Flowers, #9)",Escape Clause,14,2016,4.23,6961,696,G.P. Putnam's,3042,2753,955,150,61,1,2010s,4610
168568,"Naked Prey (Lucas Davenport, #14)",Naked Prey,33,2003,4.17,11544,353,Simon & Schuster,4283,5216,1858,155,32,1,2000s,4610
6838,"Easy Prey (Lucas Davenport, #11)",Easy Prey,29,2000,4.05,10690,335,Simon & Schuster,3507,4600,2239,285,59,1,2000s,4610
26025992,"Extreme Prey (Lucas Davenport, #26)",Extreme Prey,16,2016,4.27,10134,1026,G.P. Putnam's,4592,4051,1235,188,68,1,2010s,4610
17707502,"Storm Front  (Virgil Flowers, #7)",Storm Front,13,2013,3.91,9839,1013,G.P. Putnam's,2919,3934,2301,552,133,1,2010s,4610
23281640,"Gathering Prey (Lucas Davenport, #25)",Gathering Prey,17,2015,4.18,13275,1273,G.P. Putnam's,5480,5363,1919,371,142,1,2010s,4610
5867331,"Wicked Prey (Lucas Davenport, #19)",Wicked Prey,35,2009,4.13,10760,580,Unknown,3888,4716,1910,205,41,1,2000s,4610
191139,"Oh, The Places You'll Go!","Oh, the Places You'll Go!",40,1990,4.34,248062,3834,Random House,142732,61422,32739,7811,3361,5,1990s,61105
15745950,"Walking Disaster (Beautiful, #2)",Walking Disaster,58,2013,4.24,140718,11195,Atria,71769,41415,19451,5591,2495,1,2010s,4464118
27525,"Armageddon: The Cosmic Battle of the Ages (Left Behind, #11)",Armageddon,33,2003,4.02,14859,247,Unknown,5974,4724,2957,837,367,5,2000s,7625163
50930,"The Mark (Left Behind, #8)",The Mark,33,2000,4.02,22130,278,Unknown,8816,7127,4453,1216,519,5,2000s,7625163
85958,"The Indwelling (Left Behind, #7)",The Indwelling,31,2000,3.97,22291,276,Unknown,8388,7209,4873,1320,502,4,2000s,7625163
27530,"The Remnant (Left Behind, #10)",The Remnant,31,2002,4.01,19211,243,Unknown,7698,6019,3886,1161,447,4,2000s,7625163
27526,"Desecration (Left Behind, #9)",Desecration,34,2001,4.0,20096,264,Tyndale House Publishers,7869,6360,4296,1134,438,3,2000s,7625163
133767,"Glorious Appearing: The End of Days (Left Behind, #12)",Glorious Appearing,34,2004,3.95,11953,374,Tyndale House Publishers,4934,3267,2452,879,421,3,2000s,7625163
31157,"The Rising: Antichrist is Born  (Before They Were Left Behind, #1)",The Rising,24,2003,4.18,13476,178,Tyndale House Publishers,6882,3491,2120,592,391,1,2000s,7625163
1546165,This Side of Innocence,This Side of Innocence,9,1946,3.83,268,14,Harper Collins,75,92,86,11,4,9,1940s,33384
3268926,The Christmas Sweater,The Christmas Sweater,22,2008,3.79,13210,2344,Unknown,3883,4506,3359,1046,416,2,2000s,188932
6949478,"The Overton Window (Overton Window, #1)",The Overton Window,19,2010,3.52,5509,870,Simon & Schuster,1101,1743,1810,609,246,1,2010s,188932
15958931,"The Woman of Andros: &, the Ides of March. Thornton Wilder",The Ides of March,3,2012,3.86,7,0,Capuchin Classics,2,2,3,0,0,2,1940s,44061
126630,The Eighth Day,The Eighth Day,24,1967,3.93,924,103,Harper Collins,328,313,199,61,24,4,1960s,44061
1770367,"The Establishment (Lavette Family, #3)",The Establishment,23,1979,3.99,875,25,Houghton Mifflin,285,331,228,25,6,6,1970s,43719
342479,"Who Killed The Robins Family?: And Where, And When, And How, And Why, Did They Die?",Who Killed the Robins Family?,4,1983,3.25,71,13,Morrow,11,18,24,14,4,1,1980s,45336
23807,"The Silence of the Lambs  (Hannibal Lecter, #2)",Hannibal,180,1988,4.13,352751,3579,Arrow,156126,119418,54298,12706,10205,7,1990s,12455
71728,Jonathan Livingston Seagull,Jonathan Livingston Seagull,254,1970,3.79,143053,5116,Unknown,48246,42264,33361,13247,5937,38,1970s,16904
723668,And Now Tomorrow,And Now Tomorrow,6,1924,3.72,39,4,Ace,9,15,11,3,1,7,1940s,23356
34941,Star Wars - Episode I: The Phantom Menace,Star Wars Episode I: The Phantom Menace,68,1999,3.54,12570,470,Arrow,2848,3488,4241,1612,381,4,1990s,9629
17333223,The Goldfinch,The Goldfinch,105,2013,3.87,425998,42573,Little Brown & Co,147675,141494,86453,32779,17616,4,2010s,8719
228560,Sophie's Choice,Sophie's Choice,113,1979,4.18,68922,1938,Vintage,31780,23034,10338,2580,1193,6,1970s,7565
577283,The Confessions of Nat Turner,The Confessions of Nat Turner,48,1967,3.96,11494,369,Vintage,3815,4441,2425,581,232,21,1960s,7565
124923,The Moneychangers,The Moneychangers,35,1975,3.83,3128,81,Berkley,733,1302,952,117,24,14,1970s,71955
124918,Airport,Airport,74,1968,3.91,29867,288,Berkley,9188,11123,7693,1520,343,30,1960s,71955
124924,Wheels,Wheels,34,1971,3.59,2714,65,Unknown,478,962,1010,222,42,7,1970s,71955
124931,Overload,Overload,29,1978,3.64,1732,46,Dell,332,651,578,135,36,2,1970s,71955
56034,The French Lieutenant's Woman,The French Lieutenant's Woman,132,1969,3.85,37082,1158,Vintage,10512,14386,9083,2302,800,12,1970s,10039
12557,The Kitchen God's Wife,The Kitchen God's Wife,64,1991,3.98,60235,1694,Penguin,17410,26507,14106,1861,351,7,1990s,5246
12959233,Winter of the World (The Century Trilogy #2),Winter of the World,105,2012,4.28,81549,6601,Berkley,37880,31417,10168,1653,432,1,2010s,3447
5067,Triple,Triple,88,1979,3.79,9002,294,NAL,2045,3661,2738,456,103,2,1970s,3447
7315573,"Fall of Giants (The Century Trilogy, #1)",Fall of Giants,137,2010,4.25,178834,11473,Berkley,83643,64597,23764,4922,1909,1,2010s,3447
41689,The Key to Rebecca,The Key to Rebecca,100,1980,3.85,18660,656,NAL,4340,8304,5030,820,166,2,1980s,3447
23190986,"Edge of Eternity (The Century Trilogy, #3)",Edge of Eternity,88,2014,4.01,47392,4788,Penguin,18030,16469,9347,2612,936,1,2010s,3447
5053,The Man From St. Petersburg,The Man from St. Petersburg,89,1982,3.83,14917,667,NAL,3399,6553,4153,669,144,1,1980s,3447
5064,"World Without End (The Pillars of the Earth, #2)",World Without End,131,2007,4.22,138112,9170,Berkley,62305,50777,19741,4117,1173,1,2000s,3447
92371,Lie Down with Lions,Lie Down with Lions,96,1985,3.77,11029,467,NAL,2368,4629,3311,619,102,2,1980s,3447
32703,The Diary of Ellen Rimbauer: My Life at Rose Red,The Diary of Ellen Rimbauer,35,2001,3.65,8127,399,Hyperion,2141,2389,2447,872,278,1,2000s,18344
12232938,The Lovely Bones,The Lovely Bones,180,2002,3.77,1595922,35896,Little Brown & Co,456225,560077,390930,127651,61064,10,2000s,316
15881,"Harry Potter and the Chamber of Secrets (Harry Potter, #2)",Harry Potter and the Chamber of Secrets,371,1998,4.36,1792003,31111,Scholastic Inc.,989077,519793,234090,41190,7900,12,1990s,1077326
5,"Harry Potter and the Prisoner of Azkaban (Harry Potter, #3)",Harry Potter and the Prisoner of Azkaban,344,1999,4.52,1853980,33168,Scholastic,1180324,486584,160943,19806,6370,10,1990s,1077326
13497818,The Casual Vacancy,The Casual Vacancy,135,2012,3.27,244847,28028,Little Brown & Co,39397,72748,71710,37040,23953,1,2010s,1077326
3,"Harry Potter and the Sorcerer's Stone (Harry Potter, #1)",Harry Potter and the Philosopher's Stone,470,1997,4.43,4435352,68770,Arthur A. Levine Books,2752779,1083965,432941,96425,69310,2,1990s,1077326
5215879,"Skin Trade (Anita Blake, Vampire Hunter #17)",Skin Trade,31,2009,3.9,30590,1067,Unknown,11281,9216,6853,2319,923,1,2000s,9550
2149535,"Blood Noir (Anita Blake, Vampire Hunter #16)",Blood Noir,38,2007,3.84,33450,929,Berkley,11969,9580,7709,3030,1164,1,2000s,9550
77244,Lake Wobegon Days,Lake Wobegon Days,34,1985,3.63,5974,442,Viking,1222,2211,1833,526,182,6,1980s,2014
1656001,"The Host (The Host, #1)",The Host,157,2008,3.84,758220,39362,Little Brown & Co,282098,221282,150763,60856,43232,2,2000s,941441
18007564,The Martian,The Martian,57,2014,4.39,473296,58571,Crown,259155,156571,44157,9759,3663,3,2010s,6540057
7932146,"The Inner Circle (Culper Ring, #1)",The Inner Circle,37,2011,3.76,15752,1383,Unknown,3658,6330,4351,1083,330,1,2010s,14610
85322,The Book of Fate,The Book of Fate,54,2006,3.55,8629,841,Hachette,1476,3076,3009,859,209,1,2000s,14610
71785,"A Common Life: The Wedding Story (Mitford Years, #6)",A Common Life,25,2001,4.2,10773,293,G.P. Putnam's,4728,3832,1862,294,57,1,2000s,40552
71787,"In This Mountain (Mitford Years, #7)",In This Mountain,25,2002,4.32,11752,304,Penguin,5693,4306,1578,144,31,2,2000s,40552
16033909,"Burn (Breathless, #3)",Burn,48,2013,4.01,32664,1755,Berkley,12766,10654,6573,2010,663,1,2010s,24978
6307651,Drivin' Woman,Drivin' Woman,1,1942,3.43,7,2,The Macmillan Company,2,1,2,2,0,1,1940s,2865170
9420,"Shopaholic & Baby (Shopaholic, #5)",Shopaholic and Baby,80,2007,3.78,98466,2369,Dial,27286,33283,28504,7276,2118,1,2000s,6160
17332218,"Words of Radiance (The Stormlight Archive, #2)",Words of Radiance,4,2014,4.76,95193,6538,Unknown,75983,16337,2375,353,145,1,2010s,38550
19486412,Big Little Lies,Big Little Lies,74,2014,4.17,265399,23070,Berkley,101661,117896,37280,5974,2609,1,2010s,322069
26247008,Truly Madly Guilty,Truly Madly Guilty,24,2016,3.56,69557,8035,Flatiron Books,11283,25810,24409,6461,1607,1,2010s,322069
3931902,True Detectives,True Detectives,36,2009,3.68,4549,344,Unknown,1026,1627,1418,360,118,1,2000s,43626
1528385,"Compulsion (Alex Delaware, #22)",Compulsion,47,2008,3.74,7262,470,Ballantine Books,1522,2926,2285,452,77,1,2000s,43626
201972,"Gone (Alex Delaware, #20)","Gone (Alex Delaware, #20)",40,2006,3.81,8991,357,Ballantine Books,2053,3718,2729,413,78,1,2000s,43626
4588,Extremely Loud and Incredibly Close,Extremely Loud and Incredibly Close,99,2005,3.97,305078,20608,Unknown,114005,104194,58579,19752,8550,2,2010s,2617
2444135,"Dark Curse (Dark, #19)",Dark Curse,34,2008,4.31,11924,289,Piatkus,6123,3785,1658,279,80,1,2000s,6268
6353001,"Dark Slayer (Dark, #20)",Dark Slayer,32,2009,4.37,13083,462,Unknown,7496,3549,1544,374,120,1,2000s,6268
257233,Raintree County,Raintree County,20,1948,3.97,767,65,Penguin,298,230,172,52,15,4,1940s,150377
15507958,"Me Before You (Me Before You, #1)",Me Before You,160,2012,4.28,658044,68080,Viking,328317,222036,79837,18926,8958,7,2010s,281810
161361,"The Christmas Box (The Christmas Box, #1)",The Christmas Box,38,1993,3.95,20384,1548,Simon & Schuster,7153,6971,4715,1211,334,5,1990s,46097
18966806,"Morning Star (Red Rising, #3)",Morning Star,38,2016,4.5,45771,5085,Del Rey,28262,13151,3585,575,202,1,2010s,6474348
116054,Winter Solstice,Winter Solstice,50,2000,4.14,16555,1016,Hodder & Stoughton,6673,6238,3063,460,121,3,2000s,20849
116053,September,September,57,1990,4.11,13090,427,Hodder & Stoughton,5048,4982,2578,392,90,4,1990s,20849
413616,So Well Remembered,So Well Remembered,11,1945,3.52,60,8,Little Brown & Co,9,22,22,5,2,1,1940s,2031
551931,The Word,The Word,26,1972,3.79,1084,55,Forge Books,280,410,304,68,22,2,1970s,128499
1274755,Lydia Bailey,Lydia Bailey,10,1947,4.08,296,32,Doubleday,108,121,54,10,3,12,1940s,59605
153033,The Hucksters,The Hucksters,6,1888,3.32,22,4,Rinehart and Company,3,5,10,4,0,19,1940s,6997290
122771,The Silver Chalice,The Silver Chalice,20,1952,4.08,3149,140,Loyola Classics,1165,1217,634,111,22,15,1950s,5772434
401921,The Black Rose,The Black Rose,16,1945,4.09,988,90,Buccaneer Books,370,379,202,32,5,18,1940s,5772434
401942,The Moneyman,The Moneyman,14,1947,3.75,110,14,Doubleday,27,43,29,7,4,13,1940s,5772434
43884,"Phantom (Sword of Truth, #10)",Phantom,46,2006,3.98,36753,468,Unknown,14087,12103,7395,2208,960,1,2000s,3441
5113,Franny and Zooey,Franny and Zooey,121,1957,3.98,158324,5089,Back Bay Books,57464,55003,33963,9120,2775,27,1960s,819789
5114,"Raise High the Roof Beam, Carpenters & Seymour: An Introduction","Raise High the Roof Beam, Carpenters",88,1955,4.11,39039,1304,Back Bay Books,15717,14114,7421,1440,347,10,1960s,819789
25074850,"The Girl in the Spider's Web (Millennium, #4)",The Girl in the Spider's Web,106,2015,3.73,72393,8942,Knopf,15554,29799,20330,5025,1688,1,2010s,242659
1293866,The Disenchanted,The Disenchanted,18,1950,4.09,233,42,Bantam,90,85,49,7,2,8,1950s,8468
13600318,"Reckless (Thoughtless, #3)",Reckless,30,2013,4.42,70131,5324,Gallery Books,42836,17476,7248,1788,783,1,2010s,4372391
158417,Love is Eternal,Love is Eternal,27,1954,4.03,1349,125,Unknown,430,584,284,42,9,11,1950s,12833
79852,The Passions of the Mind,The Passions of the Mind,35,1971,3.96,1141,66,Signet,351,473,252,47,18,13,1970s,12833
321552,The Agony and the Ecstasy,The Agony and the Ecstasy,91,1958,4.09,60311,1540,Signet,25593,20334,10296,2462,1626,27,1960s,12833
42932,"Whirlwind (Asian Saga, #6)",Whirlwind,38,1986,3.77,5076,163,Morrow,1384,1784,1399,397,112,4,1980s,6417
390711,"Noble House (Asian Saga, #5)",Noble House,49,1981,4.22,30610,370,Unknown,13627,11171,4977,683,152,15,1980s,6417
175675,Ragtime,Ragtime,102,1974,3.87,29019,1708,Random House,8257,11536,7042,1628,556,13,1970s,12584
425029,"Presumed Innocent (Kindle County Legal Thriller, #1)",Presumed Innocent,5,1986,4.09,90750,1034,Warner,32749,37263,17715,2380,644,8,1980s,2749
4035,"The Burden of Proof (Kindle County Legal Thriller, #2)",The Burden of Proof,53,1990,4.05,28662,203,Grand Central Publishing,9590,11944,6172,775,182,11,1990s,2749
7685,The Secret of Santa Vittoria,The Secret of Santa Vittoria,24,1966,4.15,546,57,Carroll & Graf Publishers,233,194,94,17,8,18,1960s,5197
7905092,Freedom,Freedom,87,2010,3.72,125988,12688,Unknown,33954,46093,28495,11419,6028,3,2010s,2578
3805,The Corrections,The Corrections,122,2001,3.77,125699,7971,Fourth Estate Paperbacks,38134,44495,26071,10557,6444,2,2000s,2578
76620,Watership Down (Watership Down #1),Watership Down,177,1972,4.05,295696,9768,Avon,122480,98066,51040,15274,8838,13,1970s,7717
10778,Across the River and into the Trees,Across the River and into the Trees,100,1950,3.34,5261,337,Scribner,807,1479,1901,820,254,7,1950s,1455
187060,Auntie Mame: An Irreverent Escapade (Auntie Mame #1),Auntie Mame,40,1954,4.1,5782,710,Broadway Books,2239,2213,1069,211,50,5,1950s,108940
205621,"Pilgrim's Inn (Eliots of Damerosehay, #2)",Pilgrim's Inn,20,1948,4.34,838,94,Amereon Limited,433,285,95,22,3,3,1940s,50786
185528,Green Dolphin Street,Green Dolphin Street,19,1944,4.17,1198,151,Buccaneer Books,536,403,203,40,16,5,1940s,50786
10718,Something Happened,Something Happened,51,1966,3.51,5754,396,Simon & Schuster,1297,1695,1710,742,311,1,1970s,3167
10714,Good as Gold,Good as Gold,33,1974,3.33,2423,96,Simon & Schuster,281,750,957,361,74,2,1970s,3167
27326,The Wall,The Wall,13,1950,4.27,1573,43,Vintage,766,552,199,28,28,5,1950s,15328
398753,The Song of Bernadette,The Song of Bernadette,41,1941,4.09,531,51,Ignatius Press,219,181,100,24,7,15,1940s,57432
33810,"Plum Island (John Corey, #1)",Plum Island,59,1997,4.02,32879,1612,Grand Central Publishing,10563,14236,6632,1162,287,5,1990s,1238
23197346,"Radiant Angel (John Corey, #7)",Radiant Angel,21,2015,3.83,9386,1149,Grand Central Publishing,2423,3783,2469,539,172,1,2010s,1238
3216451,The Gate House,The Gate House,46,2008,3.7,13080,1170,Unknown,3142,4790,3647,1069,432,1,2000s,1238
93788,"Night Fall (John Corey, #3)",Night Fall,61,2004,4.07,20037,1121,Vision,6908,8467,3953,577,133,1,2000s,1238
140060,"The Hostage (Presidential Agent, #2)",The Hostage,27,2006,4.04,7088,113,G.P. Putnam's,2697,2538,1438,296,119,1,2000s,1415338
3100126,"Black Ops (Presidential Agent, #5)",Black Ops,15,2008,4.07,4117,128,Unknown,1659,1406,797,190,65,1,2000s,1415338
84049,Désirée,Désirée,31,1951,4.0,6230,468,Unknown,2318,2129,1334,340,109,32,1950s,48143
24612107,"Scandalous Behavior (Stone Barrington, #36)",Scandalous Behavior,12,2016,3.66,3099,313,Penguin,743,1077,891,263,125,1,2010s,3936
18667899,"Carnal Curiosity (Stone Barrington, #29)",Carnal Curiosity,9,2014,3.65,3165,330,G.P. Putnam's,721,1047,1042,279,76,1,2010s,3936
2685662,"Eagle in the Sky (American Revolution, #4)",Eagle in the Sky,4,1948,3.91,22,5,Pocket,6,8,8,0,0,5,1940s,29326
315272,The Shoes of the Fisherman,The Shoes of the Fisherman,44,1963,4.0,1954,90,St. Martin's Press,668,742,432,95,17,14,1960s,32202
14891,A Tree Grows in Brooklyn,A Tree Grows in Brooklyn,122,1943,4.23,298474,15478,Harper Collins,142114,100717,42605,9419,3623,22,1940s,2327917
503994,A Rage to Live,A Rage To Live,12,1949,3.74,223,17,The Modern Library,54,85,63,14,7,6,1940s,27991
22557272,The Girl on the Train,The Girl on the Train,165,2015,3.88,1004310,86407,Riverhead Books,288193,407974,226792,60352,21082,26,2010s,1063732
73062,Scarlett,Scarlett,95,1991,3.43,46876,2244,Unknown,11463,11578,13257,7016,3562,16,1990s,66622
597790,The Children of Húrin,The Children of Húrin,123,2007,3.93,44859,2235,Harper Collins,14473,16708,10449,2600,629,1,2000s,656983
7332,The Silmarillion (Middle-Earth Universe),The Silmarillion,332,1977,3.86,152612,5429,Houghton Mifflin,54577,45052,35037,13131,4817,23,1970s,656983
35063,Where Is Joe Merchant?,Where Is Joe Merchant?,9,1992,3.84,3129,217,Unknown,882,1137,880,184,46,3,1990s,19824
13570854,"Lover at Last (Black Dagger Brotherhood, #11)",Lover At Last,36,2013,4.3,49761,5601,NAL,26464,14518,6589,1662,528,1,2010s,20248
18108281,"The King (Black Dagger Brotherhood, #12)",The King,36,2014,4.36,36091,4142,Signet,19957,10686,4281,913,254,1,2010s,20248
2744,"Anansi Boys (American Gods, #2)",Anansi Boys,105,2005,3.99,143455,7061,Harper Collins,44049,62166,30655,5430,1156,1,2000s,1221698
24817626,Go Set a Watchman (To Kill A Mockingbird #2),Go Set a Watchman,4,2015,3.31,149226,23155,Harper Collins,20946,43785,53197,23788,7514,4,2010s,1825
16160797,"The Cuckoo's Calling (Cormoran Strike, #1)",The Cuckoo's Calling,126,2013,3.83,311804,25993,Little Brown & Co,83089,128135,73174,18574,8838,5,2010s,383606
778667,The Big Fisherman,The Big Fisherman,21,1948,4.08,1027,59,Unknown,372,412,202,32,9,16,1940s,127901
219919,The Robe,The Robe,76,1942,4.19,18537,902,Unknown,8334,6280,3184,585,154,46,1940s,127901
19288043,Gone Girl,Gone Girl,190,2012,4.02,1515126,119242,Broadway Books,559244,578376,264750,76486,36287,7,2010s,2383
32527,"Alone (Detective D.D. Warren, #1)",Alone,51,2004,3.97,37916,1628,Bantam,11797,15481,8731,1475,433,1,2010s,18282
778285,"Polar Star (Arkady Renko, #2)",Polar Star,29,1989,3.98,5616,276,Ballantine Books,1551,2620,1257,167,21,2,1980s,8258
762806,"Gorky Park (Arkady Renko, #1)",Gorky Park,75,1981,4.04,46285,750,Ballantine Books,15579,19106,9662,1566,372,2,1980s,8258
2731276,The Story of Edgar Sawtelle,The Story of Edgar Sawtelle,68,2008,3.6,77568,12836,Ecco,18676,26341,19276,9149,4126,2,2000s,982213
738702,Vanished,Vanished,6,1968,3.61,80,7,Unknown,11,37,24,6,2,1,1960s,75516
1153485,Seven Days In May,Seven Days in May,18,1962,4.18,1370,71,Harper Collins,552,553,229,27,9,4,1960s,75516
253292,The Last of the Just,The Last of the Just,33,1959,4.25,776,92,The Overlook Press,429,193,95,38,21,4,1960s,388840
18143977,All the Light We Cannot See,All the Light We Cannot See,117,2014,4.31,462712,48109,Scribner,235390,157950,51862,12278,5253,3,2010s,28186
5368,Forever Amber ,Forever Amber,68,1944,3.98,14135,923,Penguin,5431,4515,2972,882,335,5,1940s,3620
815721,Strange Fruit,Strange Fruit,16,1944,3.95,365,51,Mariner Books,118,138,87,15,7,15,1940s,86785
49824,"The Mammoth Hunters (Earth's Children, #3)",The Mammoth Hunters,120,1985,3.87,49424,1211,Bantam,15046,17459,13155,3141,623,11,1980s,861
8318666,"The Land of Painted Caves (Earth's Children, #6)",The Land of Painted Caves,69,2011,3.22,21669,2955,Random House,4881,4525,5512,3996,2755,1,2010s,861
46544,"The Shelters of Stone (Earth's Children, #5)",The Shelters of Stone,82,2002,3.79,34262,1043,Unknown,10630,10798,8822,3117,895,4,2000s,861
74389,"The Plains of Passage (Earth's Children, #4)",The Plains of Passage,113,1980,3.77,40759,1002,Bantam,11313,13447,11807,3496,696,13,1990s,861
152402,"Lucky (Lucky Santangelo, #2)",Lucky,28,1985,4.08,10526,228,Pocket,4413,3322,2167,482,142,2,1980s,49699
83674,The Bridges of Madison County,The Bridges of Madison County,137,1992,3.47,56652,3280,Grand Central Publishing,13942,15563,15046,7620,4481,38,1990s,28024
326672,Slow Waltz In Cedar Bend,Slow Waltz in Cedar Bend,29,1993,3.18,2372,204,Unknown,289,562,952,426,143,9,1990s,28024
1432991,Earth and High Heaven,Earth and High Heaven,10,1944,3.91,93,19,Cormorant Books,26,40,22,3,2,2,1940s,674062
159346,"Advise and Consent (Advise and Consent, #1)",Advise and Consent,22,1959,4.06,7845,146,Avon,2978,2901,1565,284,117,28,1950s,77616
984611,A Shade of Difference,A Shade of Difference,11,1962,3.77,178,13,Unknown,38,76,53,7,4,4,1960s,77616
994663,Anatomy of a Murder,Anatomy of a Murder,23,1958,3.99,1237,158,Unknown,390,513,279,45,10,29,1950s,93127
119073,The Name of the Rose,The Name of the Rose,2,1980,4.11,211638,5629,Harvest Books,88471,75041,34359,9480,4296,5,1980s,1730
572762,Journey Through Heartsongs,Journey Through Heartsongs,4,2001,4.31,350,33,Hachette,192,87,61,7,3,2,2000s,82601
79669,The Rector of Justin,The Rector of Justin,10,1964,3.87,444,57,Mariner Books,126,178,104,28,8,1,1960s,45314
4406,East of Eden,East of Eden,212,1952,4.34,322091,13727,Penguin,177713,93169,38024,9138,4054,11,1950s,585
12722,The Moon Is Down,The Moon Is Down,105,1942,3.87,13737,970,Penguin,3655,5591,3636,705,151,12,1940s,585
7860860,Mrs Parkington,Mrs. Parkington,14,1942,3.56,109,13,Phébus,22,35,38,10,4,1,1940s,129457
16054217,"The Book of Life (All Souls Trilogy, #3)",The Book of Life,49,2014,4.14,73060,7257,Viking,31204,25595,12432,2998,833,1,2010s,3849415
18465657,The One & Only,The One and Only,24,2014,3.1,43129,4928,Ballantine Books,6217,10162,13297,8489,4965,1,2010s,13370
1048940,Hold the Dream (Emma Harte Saga #2),Hold the Dream,44,1985,4.09,4161,99,St. Martin's Press,1600,1535,874,123,29,1,1980s,5353
4987,Jailbird,Jailbird,76,1979,3.81,16288,558,Dial,3488,7073,4875,775,78,5,1970s,2778055
4980,Breakfast of Champions,Breakfast of Champions,119,1973,4.08,180650,4993,Dell,68417,70097,33197,6896,2045,10,1970s,2778055
479415,The Horse Whisperer,The Horse Whisperer,110,1995,3.76,40998,1550,Dell,10793,14815,11136,3249,1005,2,1990s,6098
11662,Couples,Couples,47,1968,3.59,3816,235,Random House,717,1412,1206,360,121,1,1960s,6878
947216,East River,East River,6,1946,3.92,24,4,G.P. Putnam's,8,7,8,1,0,1,1940s,339820
3199179,A Lion Is In The Streets,A Lion is in the Streets,1,1945,4.22,9,1,Unknown,4,3,2,0,0,12,1940s,1360780
110694,"The Seeress of Kell (The Malloreon, #5)",The Seeress of Kell,40,1991,4.12,33527,269,Corgi,13541,11989,6642,1156,199,3,1990s,8732
1241641,The Arrangement,The Arrangement,23,1967,3.86,399,25,Stein and Day,129,133,102,24,11,23,1960s,86175
166982,Looking for Mr. Goodbar,Looking for Mr. Goodbar,30,1975,3.65,4682,209,Simon & Schuster,1029,1615,1509,408,121,3,1970s,97157
5171,Drowning Ruth,Drowning Ruth,42,2000,3.72,68985,2120,Ballantine Books,14897,26934,21322,4772,1060,1,2000s,3513
85301,Unaccustomed Earth,Unaccustomed Earth,67,2008,4.11,65358,6823,Knopf,24284,26917,11496,2226,435,1,2000s,3670
419346,The View from Pompey's Head,The View from Pompey's Head,8,1954,3.8,56,9,Lsu Press,12,26,13,5,0,14,1950s,221554
7604,Lolita,Lolita,442,1955,3.88,497517,17062,Penguin,178182,158357,104536,35934,20508,7,1950s,5152
206140,Windswept,Windswept,3,1941,4.26,27,5,Islandport Press,14,8,3,2,0,4,1940s,120490
160320,Up the Down Staircase,Up the Down Staircase,40,1964,3.93,7061,451,Harper Collins,2141,2710,1841,294,75,8,1960s,92960
438168,Return of the Jedi,Star Wars: Return of the Jedi – The Storybook Based on the Movie,7,1983,3.95,236,7,Unknown,84,70,69,12,1,8,1980s,32279
49501,Rise and Shine,Rise and Shine,30,2006,3.24,9799,1223,Random House,853,2840,4241,1515,351,1,2000s,3500
2845024,Anathem,Anathem,43,2008,4.18,47091,3989,Morrow,21981,15677,6371,2006,1056,1,2000s,545
10605,Thinner,Thinner,124,1984,3.65,130032,1544,Signet,31696,39499,43189,12956,2693,4,1980s,5858
292455,The Honorary Consul,The Honorary Consul,67,1973,3.78,3046,190,Vintage,556,1447,882,141,20,2,1970s,2533
40440,The Thirteenth Tale,The Thirteenth Tale,130,2006,3.94,219971,18803,Atria,73261,82388,47610,12389,4325,2,2000s,22665
18485973,"The Wager (The Bet, #2)",The Bet,18,2013,4.15,11881,1066,Forever,5053,4287,1986,415,140,1,2010s,4882127
43945,Portnoy's Complaint,Portnoy's Complaint,119,1969,3.69,39757,2000,Vintage,9862,14245,10535,3690,1425,14,1960s,463
315511,The Young Lions,The Young Lions,43,1948,4.14,2214,120,University Of Chicago Press,895,851,378,67,23,4,1940s,7735
10920,Cold Mountain,Cold Mountain,94,1997,3.82,184101,4721,Unknown,55735,65993,42683,13732,5959,18,1990s,7130
7304203,"Shadowfever (Fever, #5)",Shadowfever,37,2011,4.48,74102,5846,Delacorte Press,47258,18416,6069,1482,877,1,2010s,48206
61672,Bonjour tristesse,Bonjour Tristesse,157,1954,3.62,15605,1021,Pocket,3177,5546,5015,1500,367,12,1950s,1357577
5198,"Paradise (The Trilogy, #3)",Paradise,55,1997,3.77,18410,735,Penguin,5193,6451,4726,1373,667,3,1990s,3534
428669,House Divided,House Divided,6,1947,4.27,135,30,Chicago Review Press,72,39,16,5,3,14,1940s,222948
6066819,Best Friends Forever,Best Friends Forever,38,2009,3.48,51444,3426,Atria,8751,16252,18893,6037,1511,1,2000s,9212
183265,"East Side, West Side","East Side, West Side",3,1947,3.96,23,2,Unknown,7,8,8,0,0,2,1940s,78901
2095583,"Devil Bones (Temperance Brennan, #11)",Devil Bones,56,2008,3.88,19307,996,Scribner,5275,7691,5267,888,187,1,2000s,26372
722367,Falconer,Falconer,47,1977,3.66,5872,282,Vintage,1225,2230,1759,503,155,3,1970s,7464
1189684,The Last Hurrah,The Last Hurrah,12,1956,4.02,523,68,Back Bay Books,184,209,96,24,10,20,1950s,50026
26216087,The Egyptian,The Egyptian,148,1945,4.06,11261,518,Unknown,4860,3538,1912,622,329,16,1940s,33472
8722,Burr,Burr,32,1973,4.06,6220,433,Vintage,2211,2563,1145,225,76,21,1970s,5657
88890,1876,1876,20,1976,3.82,2179,120,Unknown,463,989,617,98,12,9,1970s,5657
2238478,Joy Street,Joy Street,8,1950,3.77,121,9,Unknown,26,52,34,7,2,8,1950s,7368903
130440,Doctor Zhivago,Doctor Zhivago,323,1957,4.04,64239,1988,Pantheon,25006,22400,12205,3413,1215,26,1950s,7902
410760,Ship of Fools,Ship of Fools,35,1962,3.69,1583,152,Back Bay Books,366,604,417,153,43,26,1960s,74572
13103,"The Celestine Prophecy (Celestine Prophecy, #1)",The Celestine Prophecy,131,1993,3.59,75323,3111,Warner,22046,20949,17900,8471,5958,27,1990s,8203
159178,"North and South (North and South, #1)",North and South,43,1982,4.19,49069,684,Signet,21838,16956,8321,1508,446,3,1980s,5768
5161,"The Deep End of the Ocean (Cappadora Family, #1)",The Deep End of the Ocean,47,1996,3.84,100841,1055,Penguin,27573,38418,27218,5947,1685,6,1990s,3504
1877857,Not As a Stranger,Not as a Stranger,14,1954,3.88,171,23,Unknown,52,63,43,9,4,24,1950s,766586
526869,Peyton Place,Peyton Place,60,1956,3.73,7412,694,Northeastern University Press,1618,2902,2257,522,113,29,1950s,21004
576666,And Ladies of the Club,"""...And Ladies of the Club""",13,1982,4.12,10363,455,Berkley,4726,3116,1786,485,250,7,1980s,92881
12781,The Satanic Verses,The Satanic Verses,128,1988,3.71,40914,2894,Picador,11476,13979,9710,3733,2016,9,1980s,3299
4667024,The Help,The Help,173,2009,4.45,1507678,76955,Amy Einhorn Books,882154,464632,127693,23847,9373,22,2010s,1943477
12467,The Naked and the Dead,The Naked and the Dead,86,1948,3.94,19260,603,Picador,6088,7556,4242,1026,348,19,1940s,7927
